Stock Name,Change,Date,QT,Sector,Market Cap,Ticker Twitter Sentiment,Company Name Twitter Sentiment,Week's Headline Sentiment,Month's Headline Sentiment,Quarter's Headline Sentiment,Zacks Ranks,Yahoo Ranks,The Street Ranks,Investor Place,Company,Industry,Country,P/E,Price,Volume,EPS Time,EPS next 5Y,EPS next Y,EPS past 5Y,EPS this Y,Fwd P/E,P/B,P/C,P/FCF,P/S,PEG,Sales past 5Y,Curr R,Debt/Eq,Divident,Earnings,Gross M,LTDebt/Eq,Oper M,Profit M,Quick R,ROA,ROE,ROI,Avg Volume,Float,Float Short,Insider Own,Insider Trans,Inst Own,Inst Trans,Outstanding,Short Ratio,Perf Half,Perf Month,Perf Quart,Perf Week,Perf YTD,Perf Year,Recom,Rel Volume,Volatility M,Volatility W,52W High,52W Low,ATR,Beta,Gap,RSI,SMA20,SMA200,SMA50,from Open
AFH,0.01%,31-Dec,4,Financial,5.22M,0.17079593399999998,0.0035193520000000008,0.008154581,0.005940546,0.015979283,,HOLD,,F,"Atlas Financial Holdings, Inc.",Property & Casualty Insurance,USA,,0.44,"111,902",Today After Market EPS,,,19.08%,,,0.11,,,0.02,,,,,,Dec 30/a,,,,,,,,,131.57K,10.17M,0.47%,10.05%,0.00%,18.62%,,11.94M,0.37,-39.31%,-17.61%,15.08%,12.08%,-94.60%,-94.64%,3.0,0.85,12.50%,10.15%,-95.81%,32.38%,0.05,,-2.33%,44.98,-5.38%,-44.80%,-18.27%,4.05%
ASFI,0.05%,31-Dec,4,Services,67.90M,0.17079593399999998,0.0035193520000000008,0.008154581,0.005940546,0.015979283,,,,A,"Asta Funding, Inc.",Business Services,USA,6.9,10.33,"1,366",Tomorrow Before Market EPS,10.00%,,53.20%,232.80%,,0.77,23.41,,3.52,0.69,-11.60%,,0.0,,Dec 31/b,100.00%,0.0,49.70%,47.10%,,10.30%,10.50%,8.70%,4.58K,2.33M,0.28%,0.10%,-45.57%,14.60%,-1.03%,6.57M,1.44,43.74%,-0.29%,54.25%,-0.44%,142.60%,184.54%,,0.3,0.69%,0.64%,-1.01%,156.44%,0.1,-0.24,0.10%,67.82,-0.46%,44.49%,9.23%,-0.82%
BBCP,1.10%,31-Dec,4,Industrial Goods,290.55M,0.29818036,-0.155245668,0.001231427,0.000882741,0.000882741,3-Hold ,STRONG BUY,,D,"Concrete Pumping Holdings, Inc.",General Building Materials,USA,,5.44,"46,779",Today After Market EPS,,120.70%,,,31.45,0.86,64.57,,1.09,,,0.7,1.32,,Dec 30/a,,1.16,,,0.6,,,,116.41K,7.50M,8.62%,26.56%,0.00%,53.00%,-3.05%,53.41M,5.56,-1.45%,13.10%,37.03%,-2.86%,-33.90%,-33.98%,1.2,0.4,5.61%,3.61%,-57.27%,72.16%,0.27,,0.36%,70.79,11.84%,9.81%,31.19%,-1.09%
CTST,5.89%,31-Dec,4,Healthcare,123.48M,0.29818036,-0.155245668,0.001231427,0.000882741,0.000882741,,,,D,CannTrust Holdings Inc.,Drugs - Generic,Canada,,0.87,"2,513,319",Tomorrow Before Market EPS,,,,,,,,,,,,,,,Dec 31/b,,,,,,,,,1.94M,115.33M,11.37%,,,,,141.18M,6.77,-82.92%,5.58%,-21.91%,4.64%,-81.87%,-82.68%,,1.3,5.90%,4.39%,-91.40%,16.61%,0.06,,0.38%,50.76,5.82%,-74.77%,-10.33%,7.98%
FWP,-9.58%,31-Dec,4,Healthcare,49.17M,0.536243293,0.005094803,0.007341681,0.005647674,0.004067773,,,,B,Forward Pharma A/S,Biotechnology,Denmark,,7.18,"14,629",Tomorrow Before Market EPS,21.00%,,23.40%,-104.00%,,0.09,,,,,,121.3,0.0,,Dec 31/b,,0.0,,,121.3,-6.90%,-7.50%,,20.58K,0.48M,0.26%,,,21.00%,0.84%,6.85M,0.06,-0.45%,25.96%,5.61%,5.32%,31.46%,38.57%,,0.71,13.49%,11.02%,-37.48%,44.40%,0.74,2.33,-2.45%,53.82,6.07%,2.56%,11.26%,0.25%
GSUM,2.52%,31-Dec,4,Technology,40.27M,0.536243293,0.005094803,0.007341681,0.005647674,0.004067773,,,,D,Gridsum Holding Inc.,Application Software,China,,1.19,"124,949",Today After Market EPS,,,-56.90%,-114.00%,,,4.28,,0.9,,47.10%,0.8,,,Dec 30/a,68.40%,,,,0.8,,,-182.70%,42.73K,28.57M,0.92%,10.44%,0.00%,34.10%,5.49%,33.84M,6.14,-57.19%,-47.11%,-34.97%,-25.16%,-46.64%,-51.43%,,2.92,10.02%,8.51%,-74.63%,-7.75%,0.16,,-2.13%,25.65,-39.04%,-54.18%,-39.49%,-13.77%
TEDU,15.12%,31-Dec,4,Services,98.66M,-0.0033204640000000004,0.000521977,-0.009560176,0.013207879,-0.117114033,,STRONG SELL,,F,"Tarena International, Inc.",Education & Training Services,China,,1.72,"451,885",Today After Market EPS,-1.25%,75.50%,51.12%,-449.80%,,0.69,1.06,,0.31,,89.00%,0.9,0.01,,Dec 30/a,58.90%,0.0,-26.80%,-26.60%,0.9,-27.00%,-50.00%,-65.80%,147.62K,15.30M,3.49%,19.49%,0.00%,49.40%,-8.63%,57.36M,3.62,-27.43%,97.70%,73.74%,37.60%,-72.70%,-73.70%,5.0,3.06,11.90%,11.34%,-75.29%,150.25%,0.14,0.7,6.49%,81.04,66.83%,-26.10%,89.64%,4.88%
WEI,1.00%,31-Dec,4,Financial,215.53M,-0.0033204640000000004,0.000521977,-0.009560176,0.013207879,-0.117114033,,HOLD,,D,Weidai Ltd.,Credit Services,China,4.46,3.06,"21,243",Tomorrow Before Market EPS,,24.48%,,57.80%,0.27,0.44,1.26,,0.37,,,2.3,0.2,,Dec 31/b,58.30%,0.06,11.50%,8.30%,2.3,5.40%,12.90%,13.20%,29.31K,4.50M,0.34%,49.72%,0.00%,1.60%,-2.08%,70.45M,0.53,-68.20%,-49.68%,-49.93%,6.23%,-66.96%,-69.50%,3.5,0.72,10.47%,10.76%,-77.55%,13.73%,0.36,,4.01%,32.06,-16.98%,-63.10%,-40.85%,-1.63%
CETX,0.78%,31-Dec,4,Industrial Goods,5.04M,0.223387819,0.000158958,0.004081338,0.004081338,0.002493561,,STRONG BUY,,D,"Cemtrex, Inc.",Industrial Equipment & Components,USA,,1.3,"139,036",Today After Market EPS,,,,-388.40%,,0.08,3.15,,0.06,,45.80%,1.3,0.73,,Dec 31/a,38.30%,0.29,-19.30%,-19.50%,0.8,-22.60%,-48.50%,-15.30%,465.45K,2.79M,2.51%,29.85%,0.00%,8.80%,10.34%,3.88M,0.15,-44.68%,-7.80%,0.00%,3.17%,-71.70%,-71.70%,1.0,0.3,7.97%,6.30%,-83.91%,17.12%,0.09,1.32,-2.33%,50.62,1.60%,-37.44%,-5.16%,3.17%
CIG,-0.58%,31-Dec,4,Utilities,5.34B,0.027600567000000003,,0.004400214,-0.035903418,-0.035903418,,HOLD,,C,Companhia Energetica de Minas Gerais,Electric Utilities,Brazil,6.17,3.41,"1,110,586",Today After Market EPS,0.00%,,-17.40%,18.90%,,1.18,13.81,30.12,0.88,,8.80%,1.3,0.9,4.40%,Dec 31/a,23.80%,0.73,12.50%,15.50%,1.3,6.50%,23.70%,6.50%,3.35M,1.13B,0.40%,1.00%,0.00%,11.90%,0.31%,1.57B,1.36,-8.82%,12.54%,-0.87%,2.71%,-4.21%,-4.21%,3.0,0.33,1.76%,1.37%,-17.03%,19.65%,0.07,0.14,-0.58%,66.42,6.68%,-2.18%,7.74%,0.00%
GRAM,-1.20%,31-Dec,4,Services,425.28M,-0.393658098,,0.010522782,0.010522782,0.010522782,,BUY,,D,Grana y Montero S.A.A.,Technical Services,Peru,,2.47,"28,737",Today After Market EPS,4.96%,12.87%,-18.20%,-78.10%,6.4,0.6,,2.63,0.47,,-8.20%,1.3,0.65,,Dec 31/a,14.00%,0.48,6.90%,-2.10%,1.1,-0.90%,-2.90%,5.40%,108.52K,108.66M,0.07%,,,17.30%,-0.22%,172.18M,0.67,-18.48%,16.51%,9.78%,5.11%,-20.58%,-20.58%,2.5,0.26,4.09%,4.95%,-36.67%,35.71%,0.1,0.34,0.00%,62.77,9.01%,-11.84%,11.08%,-1.20%
SAEX,-2.25%,31-Dec,4,Basic Materials,13.04M,0.019039959,,-0.729940067,-0.486484668,-0.019971232,,,,B,"SAExploration Holdings, Inc.",Oil & Gas Equipment & Services,USA,,3.04,"59,388",Today After Market EPS,,,,-17.70%,,0.69,,,0.09,,-17.30%,1.3,6.36,,Dec 31/a,6.00%,5.87,-35.20%,-56.70%,1.3,-56.50%,-527.30%,-62.10%,371.63K,3.10M,11.20%,13.88%,0.00%,38.00%,-0.85%,4.29M,0.93,-11.88%,27.36%,83.13%,-7.60%,62.57%,62.57%,,0.16,11.53%,6.22%,-53.94%,114.08%,0.3,3.27,0.00%,51.86,-7.02%,6.63%,23.77%,-2.25%
BASI,4.24%,1-Jan,1,Services,49.75M,0.098363513,0.002136396,0.034767881,0.018684133,0.061078538,,,,A,"Bioanalytical Systems, Inc.",Research Services,USA,,4.95,"72,571",Tomorrow Before Market EPS,,,-17.50%,-121.90%,,5.05,99.49,,1.32,,3.60%,0.7,1.4,,Jan 02/b,29.80%,1.19,-2.00%,-3.40%,0.6,-3.90%,-12.20%,0.40%,58.42K,7.49M,0.60%,10.30%,10.39%,14.60%,20.64%,10.05M,0.77,147.50%,4.87%,49.55%,7.61%,289.76%,289.76%,,1.24,9.16%,9.71%,-8.84%,292.86%,0.4,0.77,0.41%,60.47,11.94%,67.95%,8.22%,0.81%
CUK,0.23%,1-Jan,1,Services,32.17B,0.195072337,0.000377818,0.046928241,0.041021843,0.047601838,,,,D,Carnival Corporation & Plc,General Entertainment,United Kingdom,10.91,48.16,"197,017",Tomorrow Before Market EPS,13.40%,,26.20%,23.50%,,1.31,27.9,,1.57,0.81,4.10%,0.3,0.42,4.15%,Jan 02/b,49.50%,0.35,16.30%,14.90%,0.2,7.00%,12.50%,9.40%,403.58K,156.58M,0.54%,,,8.60%,0.57%,668.06M,2.09,6.48%,13.10%,18.21%,0.02%,-1.17%,-1.17%,,0.49,1.53%,1.17%,-17.41%,26.37%,0.84,1.08,0.10%,75.86,7.87%,3.75%,12.38%,-0.29%
EARS,-1.23%,1-Jan,1,Healthcare,5.48M,0.177557792,0.015022848,0.004053906,0.004053906,0.003716876,,,,F,Auris Medical Holding Ltd.,Biotechnology,Switzerland,,1.62,"224,828",Tomorrow Before Market EPS,,,34.10%,87.00%,,0.38,0.93,,,,,3.5,0.0,,Jan 02/b,,0.0,,,3.5,-110.70%,-494.50%,,157.60K,2.91M,0.19%,11.82%,0.00%,13.30%,-2.39%,3.38M,0.04,-38.17%,8.72%,-39.78%,10.20%,-82.24%,-82.24%,,1.43,8.78%,13.80%,-85.13%,24.62%,0.14,-0.11,-0.59%,58.78,12.90%,-48.51%,6.54%,-3.57%
KFS,-0.54%,1-Jan,1,Financial,41.24M,0.647773139,0.001193485,0.000185376,0.000185376,0.001436542,,,,C,Kingsway Financial Services Inc.,Property & Casualty Insurance,Canada,,1.86,"39,926",Tomorrow Before Market EPS,10.00%,,16.20%,,,1.9,1.75,,0.96,,3.90%,,11.33,,Jan 02/b,,11.33,-34.30%,-40.20%,,-3.60%,-55.70%,-7.60%,31.66K,15.07M,0.05%,6.00%,1.53%,38.90%,-0.03%,22.17M,0.25,-24.08%,-13.08%,-15.84%,3.33%,-35.19%,-3.07%,,1.26,6.21%,5.41%,-42.14%,14.11%,0.11,-0.31,-2.13%,46.56,1.17%,-23.74%,-9.31%,1.09%
NEOG,-1.59%,1-Jan,1,Healthcare,3.44B,0.132239714,0.0062241430000000006,0.001564121,0.031077095,0.019618172,4-Sell ,HOLD,,D,Neogen Corporation,Diagnostic Substances,USA,57.5,65.26,"179,914",Tomorrow Before Market EPS,12.00%,10.31%,15.20%,-5.20%,48.81,5.17,11.83,65.85,8.28,4.79,10.90%,11.7,0.0,,Jan 02/b,46.50%,0.0,16.50%,14.30%,9.5,8.70%,9.50%,8.80%,172.21K,51.82M,5.38%,0.20%,-84.70%,96.20%,2.86%,52.77M,16.2,8.33%,-1.97%,1.01%,-0.78%,14.49%,14.49%,2.8,1.04,2.79%,2.51%,-18.25%,28.97%,1.94,1.38,-0.39%,41.95,-3.10%,1.29%,-1.40%,0.99%
PKE,0.43%,1-Jan,1,Technology,333.86M,0.193262173,,-0.300942096,-0.118833831,-0.045545089,,,,C,Park Aerospace Corp.,Semiconductor Equipment & Materials,USA,39.59,16.27,"99,737",Tomorrow Before Market EPS,15.00%,,16.60%,,,2.08,2.3,,5.74,2.64,-21.00%,30.0,0.0,2.46%,Jan 02/b,32.30%,0.0,17.80%,,29.1,60.80%,72.50%,3.40%,93.97K,18.41M,3.99%,0.10%,-51.74%,84.50%,-1.15%,20.52M,7.81,-3.67%,-0.25%,-6.44%,0.43%,10.50%,10.50%,,1.06,1.57%,1.36%,-15.66%,12.43%,0.26,1.04,-0.62%,46.77,-0.19%,-2.34%,-1.73%,0.74%
VLGEA,0.17%,1-Jan,1,Services,234.55M,0.025352214,0.00069369,0.006460204000000001,0.012380483,0.012380483,,,,D,"Village Super Market, Inc.",Grocery Stores,USA,19.45,23.2,"88,062",Tomorrow Before Market EPS,,,32.30%,4.50%,,1.01,3.01,,0.14,,1.60%,1.3,0.1,4.31%,Jan 02/b,27.80%,0.09,,,0.9,,,6.70%,29.30K,8.77M,7.55%,1.10%,-39.39%,66.80%,-0.27%,10.11M,22.59,-12.02%,-17.96%,-11.99%,-1.57%,-13.24%,-13.24%,,3.01,2.20%,1.24%,-27.95%,-1.28%,0.49,0.38,-1.06%,21.08,-5.76%,-11.56%,-10.75%,-1.02%
BDL,0.00%,2-Jan,1,Services,41.18M,0.377115446,0.013211198,0.000633227,0.001440029,0.001440029,,,,C,"Flanigan's Enterprises, Inc.",Specialty Eateries,USA,12.05,22.8,1,Today After Market EPS,,,4.71%,,,1.07,3.01,4.84,0.36,,5.30%,1.5,0.34,1.26%,Jan 02/a,59.50%,0.29,5.50%,,1.2,,,10.60%,1.61K,0.37M,0.22%,79.91%,0.00%,17.00%,-0.32%,1.86M,0.51,-11.44%,-3.74%,3.46%,0.64%,-14.42%,-22.18%,,0.0,1.24%,2.18%,-13.96%,11.70%,0.66,0.1,2.98%,51.7,1.07%,-5.03%,1.31%,0.00%
CALM,0.13%,2-Jan,1,Consumer Goods,2.08B,0.377115446,0.013211198,0.000633227,0.001440029,0.001440029,3-Hold ,HOLD,,D,"Cal-Maine Foods, Inc.",Food - Major Diversified,USA,,41.99,"56,613",Tomorrow Before Market EPS,-10.00%,1987.50%,-13.20%,-34.80%,28.31,2.2,8.8,,1.65,,-1.10%,6.7,0.0,2.01%,Jan 03/b,11.70%,0.0,-2.40%,-0.30%,4.2,-0.30%,-0.40%,3.00%,322.44K,30.25M,15.51%,31.09%,0.00%,76.90%,-0.71%,48.59M,14.55,1.33%,-1.79%,9.31%,-0.30%,1.06%,1.06%,3.4,0.48,1.77%,1.49%,-10.60%,14.65%,0.77,0.41,0.07%,42.33,-2.67%,1.06%,-0.93%,-1.78%
DTEA,-0.35%,2-Jan,1,Consumer Goods,37.84M,0.194518082,0.003044732,0.009440689,0.00623063,0.01596707,,,,C,DAVIDsTEA Inc.,Food - Major Diversified,Canada,,1.46,"11,620",Today After Market EPS,,,-37.10%,-25.80%,,0.86,1.67,7.42,0.24,,14.50%,2.1,1.64,,Jan 02/a,50.50%,1.35,-9.40%,-15.90%,1.3,-21.90%,-49.40%,-48.40%,94.79K,14.03M,3.07%,46.16%,0.00%,3.30%,8.09%,25.92M,4.54,13.18%,-8.75%,-29.13%,-2.67%,23.73%,23.73%,,0.33,6.37%,5.44%,-36.52%,30.36%,0.1,1.95,-0.68%,37.31,-10.32%,-3.10%,-10.35%,0.69%
EMD,2.01%,2-Jan,1,Financial,866.85M,-0.138773939,,0.021594089,0.011027307,0.009222122,,,,,Western Asset Emerging Markets Debt Fund Inc.,Closed-End Fund - Debt,USA,7.39,14.35,"83,485",Today After Market EPS,,,,,,0.88,,,9.57,,,,,8.41%,Jan 02/a,,,,,,,,,145.50K,,,,,38.67%,,60.75M,0.2,-0.63%,1.42%,3.26%,1.49%,16.11%,16.11%,,1.6,0.92%,0.96%,-1.44%,17.27%,0.13,,0.28%,69.35,1.86%,2.60%,2.41%,0.14%
FORD,0.50%,2-Jan,1,Consumer Goods,9.13M,0.185548263,0.000115134,0.000198011,0.000198011,0.000236466,,,,D,"Forward Industries, Inc.",Textile - Apparel Footwear & Accessories,USA,,1.02,"1,793",Today After Market EPS,,,33.30%,124.60%,,0.99,3.38,,0.24,,2.20%,1.7,0.29,,Jan 02/a,16.90%,0.0,-3.70%,-4.30%,1.6,-8.90%,-15.90%,7.50%,22.37K,6.13M,5.05%,35.72%,0.00%,14.30%,3.53%,9.22M,13.84,-13.91%,-2.94%,0.03%,-1.98%,-23.85%,-23.85%,,0.23,4.95%,4.56%,-39.41%,31.71%,0.05,0.38,1.01%,53.19,2.39%,-13.00%,1.12%,3.00%
GEMP,0.00%,2-Jan,1,Healthcare,4.30M,0.019522575,0.197809993,-0.115911235,-0.115911235,-0.115911235,,BUY,,F,Gemphire Therapeutics Inc.,Biotechnology,USA,,0.3,0,Today After Market EPS,,-285.50%,,47.00%,,,2.26,,,,,0.7,,,Jan 02/a,,,,,0.7,-173.10%,-419.70%,,113.07K,6.56M,0.95%,13.60%,0.00%,18.00%,-16.88%,14.33M,0.55,-62.80%,-13.94%,-21.42%,0.00%,-62.96%,-60.97%,2.0,1.71,15.43%,13.81%,-79.80%,26.05%,0.04,2.84,0.00%,44.99,-2.17%,-57.73%,-11.53%,0.00%
GSH,-0.84%,2-Jan,1,Services,2.95B,0.306303073,0.002038868,0.02007724,0.022725178,0.022725178,,,,D,Guangshen Railway Company Limited,Railroads,China,18.49,16.61,"1,887",Today After Market EPS,8.00%,-12.90%,-9.20%,-22.80%,614.81,0.56,10.7,,1.01,2.31,4.60%,1.1,0.04,2.65%,Jan 02/a,6.50%,0.04,6.10%,4.40%,1.1,2.50%,3.10%,2.70%,18.90K,33.64M,0.09%,42.60%,0.00%,5.30%,3.51%,177.48M,1.59,-4.76%,4.47%,4.47%,-1.78%,-11.14%,-11.14%,,0.27,2.60%,2.36%,-26.76%,10.66%,0.44,0.98,0.00%,52.92,0.80%,-2.49%,2.36%,0.06%
HURC,-6.88%,2-Jan,1,Technology,258.16M,0.194518082,0.003044732,0.009440689,0.00623063,0.01596707,,,,D,"Hurco Companies, Inc.",Scientific & Technical Instruments,USA,11.13,37.76,"3,073",Tomorrow Before Market EPS,,,23.40%,58.70%,,1.1,3.91,,0.9,,9.30%,4.2,0.0,1.25%,Jan 03/b,31.00%,0.0,11.10%,8.20%,1.8,7.50%,10.20%,11.40%,17.22K,6.33M,0.56%,6.48%,0.00%,80.20%,-2.42%,6.73M,2.07,6.29%,7.21%,20.36%,1.51%,7.45%,7.45%,,0.48,2.03%,1.26%,-14.29%,21.54%,0.71,0.86,0.63%,52.56,-0.18%,5.94%,4.70%,-2.18%
JEF,-1.40%,2-Jan,1,Financial,6.39B,0.204970782,7.96e-05,0.000423272,0.000423272,0.000312963,3-Hold ,BUY,,D,Jefferies Financial Group Inc.,Investment Brokerage - Regional,USA,5.68,21.52,"271,685",Today After Market EPS,18.00%,-47.61%,11.10%,123.90%,15.13,0.66,0.35,,1.39,0.32,-14.90%,0.9,1.93,2.34%,Jan 02/a,57.10%,1.06,-12.30%,17.40%,0.9,1.70%,8.10%,2.40%,1.55M,249.69M,2.30%,9.70%,-2.62%,75.20%,1.92%,299.03M,3.72,17.25%,2.25%,17.68%,1.23%,31.51%,31.51%,2.0,0.51,1.24%,0.93%,-1.33%,35.03%,0.28,1.51,0.56%,63.78,1.27%,14.75%,5.93%,0.05%
JOB,-0.25%,2-Jan,1,Services,4.78M,0.02535975,0.001303673,0.00151392,0.007266954,0.004437804,,,,,"GEE Group, Inc.",Staffing & Outsourcing Services,USA,,0.4,"31,483",Today After Market EPS,,49.30%,-2.80%,-231.60%,,0.39,1.14,47.77,0.03,,28.90%,1.7,6.19,,Jan 02/a,34.60%,5.87,-2.40%,-9.90%,1.7,-11.70%,-87.00%,3.40%,15.82K,9.34M,0.44%,25.51%,0.00%,5.30%,-36.11%,12.25M,2.58,-50.27%,-18.75%,-47.65%,0.00%,-44.52%,-52.67%,,5.36,12.99%,8.34%,-80.50%,23.72%,0.05,4.62,2.56%,36.35,-0.68%,-50.29%,-26.75%,-0.50%
JRJC,-4.17%,2-Jan,1,Technology,24.43M,0.217794351,0.0005884859999999999,-0.001133778,0.041744637,-0.019803078,,,,D,China Finance Online Co. Limited,Internet Information Providers,China,,0.86,"35,670",Today After Market EPS,,,-17.40%,45.80%,,0.68,3.39,,0.64,,-2.90%,1.1,0.0,,Jan 02/a,62.90%,0.0,-49.60%,-42.60%,1.1,-19.50%,-46.90%,-64.50%,68.89K,5.64M,1.31%,11.50%,0.00%,10.70%,2.87%,27.45M,1.07,-1.11%,45.90%,21.25%,-11.00%,-1.11%,-1.11%,,1.39,18.07%,22.79%,-61.35%,88.70%,0.13,1.69,-4.44%,58.0,24.16%,-1.55%,29.16%,1.35%
JVA,-1.35%,2-Jan,1,Consumer Goods,26.54M,-0.138773939,,0.021594089,0.011027307,0.009222122,,,,B,"Coffee Holding Co., Inc.",Processed & Packaged Goods,USA,88.46,4.6,"7,185",Tomorrow Before Market EPS,16.00%,270.00%,22.90%,133.40%,12.43,1.01,10.21,,0.3,5.53,-7.50%,3.1,0.23,,Jan 03/b,18.50%,0.0,1.80%,0.60%,1.3,1.30%,2.00%,6.10%,21.39K,4.87M,0.16%,6.40%,0.00%,32.90%,-3.11%,5.77M,0.36,13.02%,14.14%,19.48%,-2.54%,30.31%,30.31%,,0.93,4.69%,4.59%,-41.18%,29.06%,0.21,1.59,0.00%,56.46,1.99%,4.91%,9.97%,-0.40%
LIVE,2.57%,2-Jan,1,Technology,13.52M,-0.097663033,0.002232127,-0.0076801069999999985,-0.004890116,-0.005407938,,,,C,Live Ventures Incorporated,Internet Information Providers,USA,6.45,7.48,510,Today After Market EPS,0.00%,,21.50%,49.00%,,0.33,5.63,0.91,0.07,,143.10%,2.0,1.5,,Jan 02/a,38.40%,1.29,4.90%,1.80%,0.6,2.70%,8.60%,14.10%,6.06K,1.48M,0.18%,83.90%,1.70%,4.60%,22.12%,1.80M,0.44,4.74%,-6.94%,-13.08%,-2.72%,11.76%,-11.02%,,0.23,4.51%,5.76%,-16.61%,32.39%,0.35,0.88,3.20%,42.46,-3.97%,-0.50%,-7.17%,-3.48%
LNDC,-11.46%,2-Jan,1,Consumer Goods,335.68M,0.185359605,7.8e-05,0.00036385,0.000433181,0.000403203,3-Hold ,BUY,,C,Landec Corporation,Farm Products,USA,,10.82,"41,103",Today After Market EPS,10.00%,62.70%,-36.30%,-81.70%,27.59,1.24,167.84,,0.59,,3.20%,0.9,0.74,,Jan 02/a,14.00%,0.43,0.30%,-0.80%,0.5,-0.90%,-1.70%,0.90%,113.43K,28.35M,4.53%,0.70%,68.90%,87.00%,-4.50%,29.68M,11.33,17.08%,-1.31%,5.11%,-0.53%,-4.48%,-4.48%,2.0,0.99,2.59%,2.85%,-18.50%,19.89%,0.3,0.76,1.06%,41.18,-5.56%,1.62%,-0.83%,-5.60%
LW,11.34%,2-Jan,1,Consumer Goods,12.58B,0.185548263,0.000115134,0.000198011,0.000198011,0.000236466,2-Buy ,BUY,,B,"Lamb Weston Holdings, Inc.",Food - Major Diversified,USA,26.72,84.78,"383,235",Tomorrow Before Market EPS,7.40%,5.87%,12.10%,36.50%,23.38,136.56,661.98,45.0,3.28,3.61,5.90%,1.7,24.34,0.93%,Jan 03/b,26.70%,23.94,17.90%,12.40%,0.8,15.30%,,22.90%,987.57K,144.86M,4.12%,0.60%,-0.15%,92.40%,0.81%,146.20M,6.05,37.38%,2.44%,16.94%,0.62%,16.95%,16.95%,1.7,1.07,1.20%,1.05%,-2.07%,44.14%,0.99,,-0.30%,56.81,0.08%,18.18%,3.67%,-1.14%
PSTI,-0.71%,2-Jan,1,Healthcare,60.64M,0.17955369899999998,,-0.000635899,-0.002600483,0.009185662,2-Buy ,BUY,,D,Pluristem Therapeutics Inc.,Biotechnology,Israel,,3.88,"107,330",Today After Market EPS,,23.10%,7.60%,-16.00%,,3.46,3.28,,1212.73,,,2.7,0.0,,Jan 02/a,,0.0,,,2.7,-132.10%,-213.10%,,88.01K,14.63M,0.57%,6.86%,0.00%,7.80%,-4.46%,15.39M,0.95,-31.48%,17.61%,6.49%,-1.50%,-50.01%,-50.01%,1.7,3.29,5.54%,3.48%,-67.39%,24.76%,0.2,1.08,0.00%,53.81,1.56%,-22.80%,8.89%,-1.52%
RECN,7.16%,2-Jan,1,Services,521.74M,0.228062987,6.1e-05,0.00028399,0.000199252,-0.04250788,3-Hold ,,,C,"Resources Connection, Inc.",Staffing & Outsourcing Services,USA,17.1,16.15,"60,865",Today After Market EPS,8.00%,4.85%,14.10%,69.20%,15.12,1.8,11.42,15.17,0.72,2.14,5.10%,2.1,0.25,3.43%,Jan 02/a,39.00%,0.25,6.70%,4.20%,2.1,6.80%,10.80%,10.30%,171.73K,29.99M,1.76%,6.36%,0.00%,84.90%,0.10%,31.95M,3.07,2.70%,5.70%,-2.80%,-0.97%,15.00%,15.00%,,0.98,1.70%,1.18%,-9.87%,20.96%,0.27,1.17,2.76%,55.51,0.09%,0.89%,4.82%,-3.69%
RFL,0.95%,2-Jan,1,Healthcare,286.15M,0.027629289,0.000724577,0.16600214,-0.022771788,-0.01272923,,,,B,"Rafael Holdings, Inc.",Biotechnology,USA,,17.26,"8,096",Today After Market EPS,,,,51.80%,,2.23,,,57.23,,,9.7,0.0,,Jan 02/a,,0.0,,,9.7,-4.10%,-4.90%,-5.30%,46.97K,10.39M,3.27%,0.10%,0.00%,36.50%,1.19%,16.04M,7.24,-27.30%,5.44%,-17.02%,-3.72%,124.97%,124.97%,,0.49,7.47%,4.89%,-44.56%,117.51%,1.32,,-3.20%,42.04,-8.54%,-8.12%,-5.12%,-0.93%
SITO,4.15%,2-Jan,1,Technology,6.94M,-0.049005210999999986,0.001466425,0.014315584,0.032219526,-0.006582106999999999,3-Hold ,STRONG BUY,,D,"SITO Mobile, Ltd.",Wireless Communications,USA,,0.3,"164,477",Today After Market EPS,30.00%,,-16.90%,-124.90%,,1.11,8.67,,0.16,,32.10%,0.9,0.18,,Jan 02/a,40.60%,0.0,-35.00%,-34.20%,0.9,-63.10%,-139.70%,-141.60%,134.43K,23.10M,5.09%,0.70%,,11.20%,-4.63%,25.00M,8.75,-62.99%,-31.69%,-69.16%,-0.82%,-69.16%,-69.16%,1.0,3.3,15.15%,16.41%,-87.87%,19.40%,0.05,0.9,13.47%,41.22,-3.53%,-67.61%,-35.74%,-5.24%
EXFO,-13.06%,8-Jan,1,Technology,273.27M,0.020349476,0.003175212,0.02486387,0.021908362,0.01274933,3-Hold ,HOLD,,B,EXFO Inc.,Communication Equipment,Canada,,4.9,"288,287",Today After Market EPS,5.00%,17.85%,-40.60%,76.20%,14.0,1.57,14.09,28.17,0.95,,4.50%,1.5,0.06,,Jan 07/a,58.10%,0.02,1.70%,-0.90%,1.0,-0.90%,-1.50%,-0.10%,29.59K,19.29M,0.00%,61.80%,0.00%,26.90%,3.36%,55.77M,0.0,24.37%,11.74%,31.37%,6.99%,5.97%,63.33%,2.8,9.74,2.81%,2.08%,-1.41%,63.33%,0.13,1.21,2.48%,70.71,9.44%,21.07%,12.22%,-1.01%
GBX,-9.86%,8-Jan,1,Services,1.04B,0.203528384,8.47e-05,0.009983111,0.015999864,0.008931743,3-Hold ,HOLD,,F,"The Greenbrier Companies, Inc.",Railroads,USA,12.95,31.25,"395,726",Tomorrow Before Market EPS,7.00%,-6.93%,-9.00%,-44.60%,11.94,0.85,3.14,,0.34,1.85,6.60%,,0.67,3.20%,Jan 08/b,12.10%,0.64,6.10%,2.30%,,2.70%,5.60%,6.70%,299.68K,32.00M,4.89%,0.80%,-2.86%,90.10%,-0.04%,33.13M,5.22,8.21%,12.86%,14.47%,-0.86%,-3.64%,-24.17%,2.8,1.32,2.88%,2.93%,-31.99%,46.71%,0.97,2.16,0.00%,50.21,0.19%,5.28%,3.19%,0.32%
LEN,0.79%,8-Jan,1,Industrial Goods,17.51B,0.104324175,-0.08471988800000001,-0.009107832,0.005333293,0.026396894,3-Hold ,BUY,,B,Lennar Corporation,Residential Construction,USA,9.4,57.14,"5,022,461",Tomorrow Before Market EPS,7.00%,9.56%,21.40%,67.50%,9.43,1.18,16.75,,0.81,1.34,28.20%,,0.67,0.28%,Jan 08/b,14.10%,0.54,8.60%,6.50%,,4.80%,9.40%,7.30%,3.07M,289.37M,4.65%,1.00%,-2.27%,,0.32%,306.43M,4.39,20.62%,-4.45%,-3.69%,2.51%,2.42%,34.83%,2.0,1.64,2.04%,2.16%,-8.77%,38.79%,1.16,1.04,0.07%,48.81,-0.03%,6.74%,-2.43%,-1.64%
MSM,0.09%,8-Jan,1,Services,4.26B,-0.278389052,0.00029555,0.000372955,0.005227339,0.07880580200000001,4-Sell ,HOLD,,D,"MSC Industrial Direct Co., Inc.",Industrial Equipment Wholesale,USA,14.59,75.93,"979,566",Tomorrow Before Market EPS,1.50%,5.86%,6.70%,2.30%,14.36,2.83,131.85,32.54,1.27,9.73,3.80%,2.7,0.3,3.95%,Jan 08/b,42.60%,0.18,11.90%,8.60%,1.4,12.50%,20.30%,15.90%,491.46K,44.36M,6.24%,0.70%,-2.44%,98.70%,0.33%,56.09M,5.63,5.06%,5.78%,11.12%,-3.90%,-3.24%,-1.18%,3.2,1.99,1.63%,1.56%,-12.59%,17.56%,1.26,0.9,-0.22%,46.04,-0.59%,2.69%,0.98%,-0.60%
RPM,-1.67%,8-Jan,1,Basic Materials,9.83B,0.412673301,0.029081255,0.007397089,0.012697635,0.031078153,3-Hold ,BUY,,B,RPM International Inc.,Specialty Chemicals,USA,33.63,74.97,"1,364,066",Tomorrow Before Market EPS,14.70%,22.46%,-2.20%,-23.70%,18.19,7.19,46.34,,1.76,2.29,4.90%,1.6,1.94,1.92%,Jan 08/b,41.00%,1.5,,,1.0,,,9.20%,660.32K,127.97M,1.54%,1.10%,-1.32%,77.80%,0.07%,131.11M,2.98,22.48%,2.25%,10.23%,-1.58%,-2.33%,41.96%,2.4,2.07,1.38%,1.72%,-3.23%,44.31%,1.11,1.24,0.37%,49.98,-0.31%,13.83%,1.13%,-0.09%
SCHN,0.05%,8-Jan,1,Basic Materials,588.72M,0.159642278,0.000344446,0.002398653,-0.000587403,-0.029495545,3-Hold ,HOLD,,D,"Schnitzer Steel Industries, Inc.",Steel & Iron,USA,10.8,21.66,"291,616",Tomorrow Before Market EPS,10.00%,55.11%,44.00%,-51.90%,13.09,0.85,47.48,19.96,0.28,1.08,-3.40%,1.7,0.15,3.46%,Jan 08/b,12.90%,0.15,3.90%,2.60%,1.0,5.10%,8.20%,8.30%,199.59K,26.09M,7.88%,5.10%,-4.67%,94.50%,0.43%,27.18M,10.3,-12.06%,-0.73%,9.78%,-0.78%,-0.09%,-4.75%,3.3,1.46,2.18%,2.16%,-21.15%,15.95%,0.5,1.35,-0.28%,45.78,-1.46%,-6.14%,-0.14%,0.42%
STZ,3.64%,8-Jan,1,Consumer Goods,34.82B,0.003790504,0.009173707,-0.045125168,0.007431836,0.011114714,3-Hold ,BUY,,C,"Constellation Brands, Inc.",Beverages - Wineries & Distillers,USA,63.57,183.6,"2,278,562",Tomorrow Before Market EPS,6.11%,7.96%,12.10%,79.30%,19.97,3.09,400.18,39.0,4.24,10.41,10.80%,1.6,1.14,1.63%,Jan 08/b,49.70%,1.07,28.70%,9.40%,1.0,2.70%,6.50%,6.40%,1.07M,151.47M,4.81%,0.40%,-20.80%,85.00%,0.09%,189.63M,6.82,-7.29%,0.62%,-2.72%,-2.53%,-3.24%,7.92%,2.1,2.13,1.64%,2.21%,-14.40%,22.10%,3.24,0.73,-0.64%,42.36,-1.13%,-5.44%,-1.53%,-2.95%
UNF,6.24%,8-Jan,1,Consumer Goods,3.86B,-0.266910616,0.000554612,0.010700889,-0.043088616,-0.036465531,3-Hold ,,,B,UniFirst Corporation,Textile - Apparel Clothing,USA,21.82,203.53,"68,820",Tomorrow Before Market EPS,10.00%,5.24%,9.40%,29.60%,24.11,2.36,10.02,25.06,2.13,2.18,5.30%,4.8,0.0,0.29%,Jan 08/b,37.00%,0.0,12.80%,9.90%,4.3,9.10%,11.20%,10.60%,80.98K,15.15M,1.51%,0.90%,-10.81%,98.10%,0.09%,18.96M,2.83,8.58%,-1.66%,8.07%,-0.03%,0.77%,51.26%,,0.85,1.61%,1.68%,-5.07%,52.80%,3.43,0.69,-0.53%,42.76,-1.42%,9.84%,-1.26%,0.80%
WBA,-5.84%,8-Jan,1,Services,52.65B,0.095554132,-0.045630771,0.01178789,-0.048480209,-0.070314264,3-Hold ,HOLD,,F,"Walgreens Boots Alliance, Inc.",Drug Stores,USA,13.79,59.29,"4,360,665",Tomorrow Before Market EPS,2.51%,3.85%,14.50%,-12.40%,9.63,2.27,51.47,23.4,0.38,5.51,12.40%,0.7,0.72,3.09%,Jan 08/b,22.00%,0.47,3.70%,2.90%,0.4,5.80%,16.20%,10.90%,5.64M,739.55M,2.63%,0.20%,-20.20%,63.40%,0.03%,887.99M,3.44,6.83%,0.32%,12.38%,0.65%,0.56%,-15.26%,3.2,0.77,1.60%,1.67%,-20.89%,20.93%,0.98,0.9,-0.62%,55.25,1.44%,7.61%,0.47%,0.12%
ADXS,0.01%,January9,1,Healthcare,60.07M,0.157931562345766,-0.025657600088258428,0.0007287752693324969,-0.0038916414296181756,-0.001547112334182285,,BUY,,D,"Advaxis, Inc.",Biotechnology,USA,,1.15,"2,367,116",Today After Market EPS,,0.00%,40.40%,94.40%,,1.26,,,2.87,,83.60%,8.0,0.0,,Jan 09/a,,0.0,,-79.50%,8.0,-33.00%,-39.20%,-49.70%,7.97M,48.84M,6.34%,0.57%,0.00%,16.30%,,48.84M,0.39,-28.07%,60.37%,221.99%,43.41%,43.41%,-76.58%,2.0,0.81,18.53%,20.71%,-89.35%,460.65%,0.16,4.12,-3.25%,68.26,44.83%,-24.33%,100.23%,-3.37%
AEHR,-8.83%,January9,1,Technology,45.31M,0.20548018415147454,0.004630967400953523,0.0040443185080221156,0.023741351970784308,0.009482852619385085,,,,B,Aehr Test Systems,Semiconductor Equipment & Materials,USA,,2.02,"74,985",Today After Market EPS,20.00%,100.00%,-53.70%,176.90%,10.05,3.0,,,2.08,,1.40%,4.0,0.0,,Jan 09/a,38.10%,0.0,-18.50%,-18.90%,2.0,-16.80%,-25.90%,-32.40%,90.45K,20.16M,0.98%,2.80%,-14.16%,25.10%,,22.54M,2.19,28.03%,5.24%,15.52%,0.50%,0.50%,47.79%,,2.58,5.95%,8.76%,-10.79%,101.81%,0.12,0.72,-0.50%,60.94,5.43%,25.68%,8.02%,3.93%
FC,-0.09%,January9,1,Services,449.95M,0.14732388620213896,0.0941308072827572,-0.14223786898704324,-0.08498899026235449,0.004550701744472676,3-Hold ,,,B,Franklin Covey Co.,Education & Training Services,USA,,33.66,"26,465",Today After Market EPS,15.00%,97.73%,-15.60%,86.50%,42.5,5.67,16.24,17.11,2.0,,1.90%,1.2,0.47,,Jan 09/a,70.70%,0.39,1.20%,-0.50%,1.1,-0.50%,-1.30%,0.90%,51.62K,11.81M,0.67%,12.80%,0.00%,48.90%,0.14%,13.52M,1.54,-4.12%,-10.71%,-2.06%,3.26%,3.26%,44.76%,,1.4,2.51%,2.76%,-19.63%,49.49%,0.85,0.79,0.30%,39.64,-1.49%,-0.54%,-7.23%,0.76%
INFY,2.48%,January9,1,Technology,42.80B,0.12770825712696024,0.17048254769097185,0.0013488618375655885,0.003848437340330317,0.0032084409462095212,4-Sell ,HOLD,,C,Infosys Limited,Information Technology Services,India,20.06,10.35,"6,591,256",Tomorrow Before Market EPS,8.00%,10.19%,147.20%,-0.30%,16.96,5.05,15.56,145.24,3.49,2.51,151.30%,2.5,0.07,2.18%,Jan 10/b,33.40%,0.06,21.00%,17.70%,2.5,18.30%,25.10%,19.30%,15.53M,4.01B,1.22%,18.20%,0.00%,18.70%,-0.24%,4.24B,3.15,-3.72%,1.51%,-9.26%,-2.23%,-2.23%,4.05%,2.7,1.16,1.06%,0.93%,-14.32%,18.15%,0.12,0.49,1.09%,60.44,1.49%,-2.64%,4.31%,1.47%
KBH,-3.48%,January9,1,Industrial Goods,3.23B,0.10247819709557007,0.03041609859451455,0.061754734231065166,0.04525293561589933,0.021558828309634917,3-Hold ,BUY,,A,KB Home,Residential Construction,USA,14.58,37.17,"749,154",Today After Market EPS,7.60%,20.47%,43.80%,52.30%,10.88,1.44,17.49,,0.74,1.92,16.70%,,0.82,0.97%,Jan 09/a,18.00%,0.82,4.80%,4.00%,,3.50%,8.00%,6.50%,1.53M,70.30M,4.21%,2.10%,-24.42%,97.30%,0.32%,87.38M,1.93,40.58%,8.22%,9.18%,7.97%,7.97%,75.19%,2.5,1.34,2.31%,2.23%,-0.75%,92.78%,0.82,1.1,1.19%,70.67,7.44%,25.82%,7.48%,-0.85%
PIXY,-10.75%,January9,1,Services,17.52M,-0.04813374882505742,0.047277577300822785,-0.005098995818722568,-0.0025131264448646105,-0.0025131264448646105,,,,D,"ShiftPixy, Inc.",Staffing & Outsourcing Services,USA,,18.9,"131,274",Tomorrow Before Market EPS,,-991.40%,,2.00%,,,10.95,,0.33,,,0.4,,,Jan 10/b,23.20%,,-24.00%,-35.00%,0.4,-97.00%,256.60%,136.10%,39.33K,0.31M,0.92%,31.30%,-66.21%,2.70%,-22.17%,0.91M,0.07,-27.94%,109.15%,6.94%,122.80%,122.80%,-70.83%,,9.04,13.79%,17.73%,-74.46%,168.85%,2.27,,-8.62%,80.33,113.98%,-10.88%,76.93%,7.45%
PSMT,-5.51%,January9,1,Services,2.15B,0.013545928151779662,0.00022492160304763174,0.002443280410807347,0.004662002481511861,-0.021968309366209058,,BUY,,C,"PriceSmart, Inc.","Discount, Variety Stores",USA,29.65,68.39,"43,416",Today After Market EPS,15.00%,13.63%,-5.40%,-15.60%,21.47,2.61,17.99,253.35,0.67,1.98,5.10%,1.2,0.12,1.02%,Jan 09/a,16.40%,0.08,3.60%,2.20%,0.4,5.70%,9.30%,8.40%,187.46K,24.47M,3.46%,14.90%,-5.52%,87.70%,-0.30%,31.25M,4.51,24.21%,-7.75%,2.09%,-2.97%,-2.97%,11.00%,2.5,0.64,2.06%,2.56%,-14.48%,42.18%,1.59,0.91,-0.48%,32.53,-4.30%,8.68%,-6.47%,-0.36%
SLP,8.46%,January9,1,Technology,534.89M,0.014777861073434906,0.010109528651203922,-0.005096016648167279,0.010669250901264605,-0.007663901520746074,3-Hold ,BUY,,A,"Simulations Plus, Inc.",Business Software & Services,USA,64.42,31.2,"35,563",Today After Market EPS,20.00%,25.93%,20.90%,14.20%,45.0,14.23,46.92,73.27,15.73,3.22,24.30%,4.4,0.0,0.78%,Jan 09/a,73.40%,0.0,31.10%,25.30%,4.4,19.50%,24.60%,23.00%,113.78K,12.54M,8.52%,28.20%,-1.92%,47.00%,0.91%,17.48M,9.39,4.22%,-6.05%,-8.57%,5.26%,5.26%,49.71%,2.0,0.86,4.03%,5.51%,-25.47%,71.69%,1.36,-0.47,0.59%,45.16,-4.09%,1.14%,-6.37%,1.58%
SNX,13.32%,January9,1,Technology,6.52B,0.2737447332972806,-0.022593465661581533,-0.2026313447737872,-0.1343459975163973,0.05883053984569862,3-Hold ,STRONG BUY,,B,SYNNEX Corporation,Information Technology Services,USA,14.24,128.1,"132,184",Today After Market EPS,11.35%,4.63%,14.90%,6.40%,9.63,1.78,,,0.29,1.25,13.10%,1.6,0.92,1.18%,Jan 09/a,12.10%,0.77,3.10%,1.80%,1.0,3.60%,11.60%,6.20%,285.96K,41.16M,4.04%,0.80%,-13.32%,79.40%,0.01%,51.36M,5.81,32.12%,0.94%,14.40%,-1.44%,-1.44%,52.20%,1.1,1.26,1.50%,1.51%,-2.10%,63.22%,2.04,1.0,0.65%,55.36,-0.21%,22.32%,3.52%,0.34%
VOXX,-7.31%,January9,1,Consumer Goods,112.76M,0.11052615014323236,,0.03659244283668765,0.035125127899164006,0.019191807474453527,,,,C,VOXX International Corporation,Auto Parts,USA,,4.8,"17,416",Today After Market EPS,10.00%,,-11.40%,,,0.29,2.87,27.5,0.27,,-11.20%,2.6,0.04,,Jan 09/a,26.70%,0.02,-9.40%,-7.50%,1.3,-6.10%,-7.60%,-9.10%,48.54K,19.59M,0.50%,1.10%,1.91%,60.60%,-0.01%,24.25M,2.01,12.59%,3.10%,3.79%,6.16%,6.16%,5.92%,,1.09,3.47%,4.24%,-10.94%,41.56%,0.18,0.98,-0.22%,64.2,7.03%,8.21%,4.41%,4.03%
WDFC,-3.56%,January9,1,Basic Materials,2.61B,0.002007747379866487,0.2282150727682165,0.01887225843165652,-0.12265686343804798,-0.040697599554872656,3-Hold ,HOLD,,C,WD-40 Company,Specialty Chemicals,USA,40.84,191.91,"31,743",Today After Market EPS,10.00%,12.19%,10.10%,12.40%,35.32,17.92,95.93,156.24,6.16,4.08,2.00%,2.0,0.56,1.41%,Jan 09/a,54.90%,0.41,19.40%,13.10%,1.4,18.20%,36.60%,29.20%,85.73K,13.45M,15.35%,1.80%,-0.57%,88.60%,0.12%,13.75M,24.08,8.35%,-2.77%,3.14%,-2.26%,-2.26%,5.73%,2.5,1.01,1.38%,1.86%,-3.90%,24.55%,2.74,0.21,0.13%,48.15,-1.27%,7.88%,0.44%,0.89%
AFH,-7.17%,January13,1,Financial,6.97M,0.3816532833554448,-0.1524262450129754,0.00815458095894428,0.005940545598302076,0.015979282730161987,,HOLD,,F,"Atlas Financial Holdings, Inc.",Property & Casualty Insurance,USA,,0.68,"150,986",Today After Market EPS,,,19.08%,,,0.14,,,0.03,,,,,,Jan 13/a,,,,,,,,,137.92K,10.17M,0.29%,10.05%,0.00%,17.74%,,11.94M,0.22,-9.53%,21.67%,42.44%,26.65%,35.31%,-93.81%,3.0,2.95,12.71%,13.22%,-93.49%,106.00%,0.06,,2.74%,78.62,51.20%,-3.46%,33.47%,13.33%
APHA,-5.78%,January13,1,Healthcare,1.25B,0.23672876046157398,0.467330723255509,-0.034603460363390084,-0.059036150703522326,-0.04567466544392119,3-Hold ,,,C,Aphria Inc.,Drug Manufacturers - Other,Canada,16.52,5.18,"3,685,519",Tomorrow Before Market EPS,,,,,,0.92,,,,,,,,,Jan 14/b,,,,,,,,,5.15M,251.19M,14.15%,3.02%,,14.70%,,252.48M,6.9,-20.58%,-0.20%,6.93%,-0.40%,-5.36%,-24.92%,,1.96,5.89%,5.71%,-52.43%,38.54%,0.27,,0.61%,56.92,4.75%,-16.66%,7.69%,4.81%
C,2.87%,January13,1,Financial,174.83B,0.15904596648033476,0.004031638324931919,0.02972263449462768,0.02814340962966526,0.02814340962966526,3-Hold ,BUY,,C,Citigroup Inc.,Money Center Banks,USA,10.41,79.82,"7,161,448",Tomorrow Before Market EPS,13.06%,8.69%,9.40%,22.40%,9.47,0.99,0.22,,2.28,0.8,2.40%,,1.34,2.57%,Jan 14/b,,1.34,50.90%,23.30%,,0.90%,10.10%,8.50%,11.69M,2.18B,0.90%,0.10%,0.00%,79.90%,-0.01%,2.21B,1.67,10.42%,4.58%,15.49%,-0.56%,-0.80%,40.41%,2.0,1.67,1.24%,1.24%,-1.70%,43.40%,1.14,1.77,0.00%,59.22,1.31%,14.27%,4.61%,0.79%
DAL,4.14%,January13,1,Services,38.27B,-0.1471005221203086,-0.020669063990862924,-0.02111786255943329,-0.027291368571477504,-0.027291368571477504,2-Buy ,BUY,,C,"Delta Air Lines, Inc.",Major Airlines,USA,8.3,59.47,"2,805,716",Tomorrow Before Market EPS,12.14%,2.92%,-14.30%,13.90%,8.21,2.54,,6.2,0.83,0.68,3.30%,0.3,0.67,2.72%,Jan 14/b,54.20%,0.53,13.70%,10.20%,0.3,7.60%,33.90%,17.30%,5.44M,644.53M,2.78%,0.10%,-14.95%,90.00%,-0.11%,646.00M,3.29,-3.91%,6.68%,11.56%,2.03%,1.30%,21.57%,2.1,1.42,1.63%,1.78%,-6.24%,28.19%,1.05,1.1,-0.35%,60.54,1.57%,4.15%,3.79%,0.76%
FGP,0.00%,January13,1,Basic Materials,35.96M,0.17917308008291002,0.006517613832589372,0.11915879495669895,0.06053704146021725,-0.06902847161238182,,SELL,,,"Ferrellgas Partners, L.P.",Oil & Gas Refining & Marketing,USA,,0.37,0,Tomorrow Before Market EPS,34.20%,,-10.71%,,,,,,0.02,,,,,,Jan 14/b,,,,,,,,,469.73K,69.70M,2.21%,28.50%,0.00%,2.12%,,97.15M,3.28,-61.54%,-19.37%,-60.72%,5.77%,9.85%,-70.39%,4.0,0.73,10.49%,15.87%,-80.21%,23.37%,0.04,,0.00%,42.46,-3.09%,-57.37%,-26.07%,0.00%
FRC,4.66%,January13,1,Financial,19.47B,0.13772969628662396,0.19669088846267185,0.004756842171900644,0.040562227777367565,-0.0015906951256593775,3-Hold ,HOLD,,B,First Republic Bank,Money Center Banks,USA,22.42,114.82,"413,805",Tomorrow Before Market EPS,7.70%,4.44%,9.20%,5.60%,21.51,2.31,5.91,23.72,5.61,2.91,17.50%,,0.15,0.66%,Jan 14/b,,0.15,72.30%,23.70%,,0.80%,10.40%,23.70%,969.99K,166.37M,6.85%,0.30%,0.00%,,0.04%,170.36M,11.76,13.58%,0.99%,21.35%,-2.86%,-2.68%,32.83%,2.8,1.16,1.25%,1.20%,-3.03%,37.24%,1.52,0.91,0.13%,48.0,-1.56%,12.92%,2.13%,0.34%
INFO,-1.31%,January13,1,Services,31.35B,0.05396401063098892,0.007842833704974813,-0.054967470034777456,0.0005267560220292782,0.004507318985172499,3-Hold ,BUY,,A,IHS Markit Ltd.,Business Services,United Kingdom,84.97,79.01,"775,498",Tomorrow Before Market EPS,11.74%,10.88%,1.90%,-1.50%,27.33,3.81,252.65,27.77,7.19,7.24,30.40%,0.7,0.61,,Jan 14/b,62.00%,0.61,21.00%,8.70%,0.7,2.40%,4.60%,4.50%,1.61M,373.38M,3.33%,0.30%,-21.07%,99.50%,0.22%,400.63M,7.72,19.35%,6.72%,15.14%,3.22%,3.86%,56.87%,2.2,1.32,1.17%,1.14%,0.36%,61.06%,0.94,0.8,0.33%,81.77,4.54%,21.62%,8.17%,0.67%
JPM,2.10%,January13,1,Financial,431.08B,0.07290954282516396,-0.006368909501361486,-0.003696582875314701,-0.0068331272380874,-0.0068331272380874,2-Buy ,HOLD,,B,JPMorgan Chase & Co.,Money Center Banks,USA,13.39,135.93,"4,097,435",Tomorrow Before Market EPS,6.32%,1.61%,15.70%,31.50%,12.77,1.84,0.39,,5.06,2.12,8.00%,,1.26,2.65%,Jan 14/b,,1.26,60.70%,39.00%,,1.20%,14.20%,8.20%,10.41M,3.11B,0.99%,0.10%,-5.82%,74.70%,0.11%,3.17B,2.96,18.01%,1.17%,19.14%,-1.64%,-2.39%,35.54%,2.7,1.08,1.20%,1.24%,-3.73%,38.49%,1.85,1.16,0.04%,48.38,-1.49%,15.32%,1.78%,-0.21%
LMNR,7.62%,January13,1,Consumer Goods,327.75M,0.10121610717787917,,-0.041781022377108464,-0.0003393695172105384,0.09179165492189766,3-Hold ,BUY,,D,Limoneira Company,Farm Products,USA,,18.68,"17,370",Today After Market EPS,15.00%,195.60%,9.80%,37.40%,42.19,1.51,364.17,,2.19,,8.80%,1.3,0.53,1.64%,Jan 13/a,6.30%,0.51,-7.70%,-4.40%,1.2,-1.70%,-3.10%,2.00%,37.81K,15.27M,5.70%,1.90%,-2.58%,60.80%,0.03%,17.90M,23.02,-6.01%,-9.98%,-0.65%,-3.83%,-4.78%,-16.96%,1.7,1.31,2.65%,2.91%,-27.17%,9.56%,0.52,0.98,3.11%,42.43,-3.06%,-5.80%,-3.22%,-1.06%
SPN,0.09%,January13,1,Basic Materials,79.91M,0.2794961465650886,0.0036810711739427033,0.00032140163239091635,-0.0003025443766091485,3.1225902437819805e-05,3-Hold ,HOLD,,,"Superior Energy Services, Inc.",Oil & Gas Equipment & Services,USA,,5.32,"24,892",Today After Market EPS,,38.90%,-17.04%,-222.30%,,0.61,0.31,,0.04,,-13.30%,2.5,0.0,,Jan 13/a,30.10%,8.99,-44.00%,-48.60%,2.1,-41.60%,-420.90%,-48.10%,153.85K,11.64M,12.67%,5.00%,,12.50%,-1.63%,14.45M,9.59,-52.74%,70.15%,47.47%,1.28%,10.38%,-86.35%,2.7,0.44,14.66%,8.50%,-90.55%,660.00%,0.53,3.07,-2.35%,64.9,12.39%,-59.56%,31.85%,-1.48%
TEDU,4.60%,January13,1,Services,132.71M,0.01826613217108388,0.00017586254458971476,0.0022974559742579004,0.0028062215591489804,0.008833970694468006,,STRONG SELL,,D,"Tarena International, Inc.",Education & Training Services,China,,2.57,"114,552",Today After Market EPS,-1.25%,75.50%,51.12%,-449.80%,,1.01,1.4,,0.41,,89.00%,0.9,0.01,,Jan 13/a,58.90%,0.0,-26.80%,-26.60%,0.9,-27.00%,-50.00%,-65.80%,207.34K,15.30M,2.70%,19.49%,0.00%,27.20%,-1.00%,51.84M,1.99,103.17%,194.29%,150.98%,3.23%,30.61%,-61.50%,5.0,1.61,15.00%,10.86%,-62.72%,277.56%,0.24,1.05,0.00%,82.72,50.33%,19.16%,119.29%,1.37%
WFC,-4.05%,January13,1,Financial,223.01B,0.15446047890327466,-0.06163467886799481,-0.07943255404322935,0.019954620392892385,-0.018892059523841445,3-Hold ,HOLD,,D,Wells Fargo & Company,Money Center Banks,USA,11.32,51.91,"9,584,062",Tomorrow Before Market EPS,6.12%,-5.27%,2.10%,19.20%,12.17,1.33,0.56,176.86,3.31,1.85,6.50%,,1.34,3.89%,Jan 14/b,,1.34,68.40%,31.30%,,1.10%,12.10%,10.60%,18.18M,4.22B,0.96%,78.23%,0.00%,77.90%,-0.04%,4.25B,2.22,10.85%,-2.22%,7.91%,-1.72%,-2.42%,9.95%,3.3,1.44,1.21%,1.04%,-5.22%,19.73%,0.7,1.1,-0.10%,33.03,-3.14%,6.10%,-3.12%,-1.07%
WIT,-2.93%,January13,1,Technology,20.18B,-0.2825200168632364,0.10050351891195533,0.019707359040088097,0.01919631693544943,0.051869349954772166,4-Sell ,SELL,,D,Wipro Limited,Information Technology Services,India,16.68,3.91,"122,630",Tomorrow Before Market EPS,9.00%,5.46%,4.70%,20.80%,15.42,3.17,4.41,14.17,2.4,1.85,6.20%,2.4,0.22,0.26%,Jan 14/b,29.40%,0.06,18.00%,16.60%,2.4,12.00%,17.90%,11.20%,1.20M,1.69B,0.73%,79.00%,0.00%,2.40%,0.89%,5.21B,10.36,-7.86%,5.45%,6.61%,2.11%,3.20%,1.38%,4.0,0.28,1.24%,1.10%,-15.35%,11.54%,0.05,0.54,0.78%,63.93,3.13%,-2.57%,3.38%,0.38%
BAC,-1.93%,January14,1,Financial,318.00B,0.07600898283162677,0.005122803416998068,0.011077757253133312,0.007514706762021888,0.007514706762021888,2-Buy ,BUY,,C,Bank of America Corporation,Money Center Banks,USA,12.92,35.53,"27,844,316",Tomorrow Before Market EPS,7.40%,11.00%,23.60%,49.90%,11.66,1.33,0.43,,4.41,1.75,3.90%,,1.93,2.05%,Jan 15/b,,0.96,63.10%,36.40%,,1.10%,10.70%,5.30%,45.70M,8.99B,1.05%,0.09%,-0.60%,71.90%,-0.04%,9.07B,2.06,19.99%,4.22%,21.27%,0.60%,-0.45%,34.69%,2.4,1.68,1.25%,1.29%,-0.49%,38.79%,0.46,1.58,0.63%,62.96,1.46%,17.84%,5.00%,0.75%
BBCP,-8.39%,January14,1,Industrial Goods,313.60M,0.01957493700665509,0.0002916051780630369,0.001853358848165953,0.00413645115440886,0.0036788702236663093,3-Hold ,STRONG BUY,,D,"Concrete Pumping Holdings, Inc.",General Building Materials,USA,,5.6,"31,236",Today After Market EPS,,124.70%,,,26.44,0.86,69.69,,1.18,,,0.7,1.32,,Jan 14/a,,1.16,,,0.6,,,,100.75K,7.50M,9.31%,26.56%,0.00%,53.00%,0.04%,57.86M,6.93,2.85%,20.44%,51.82%,7.75%,-0.91%,-39.08%,1.2,0.85,5.42%,5.96%,-56.01%,77.23%,0.28,,1.29%,66.6,7.58%,19.13%,23.97%,2.00%
BLK,2.15%,January14,1,Financial,80.90B,-0.11478774249430898,-0.04760891243431616,-0.09333676960503344,-0.01108548463538265,-0.015487234725960662,2-Buy ,BUY,,D,"BlackRock, Inc.",Asset Management,USA,20.18,520.21,"227,327",Tomorrow Before Market EPS,6.05%,11.39%,9.50%,15.70%,16.9,2.51,17.56,,5.78,3.34,6.90%,,0.18,2.52%,Jan 15/b,81.30%,0.18,37.60%,29.30%,,2.50%,12.80%,11.70%,465.08K,148.54M,0.97%,1.10%,-2.88%,84.80%,0.06%,154.65M,3.1,8.60%,5.91%,20.53%,3.79%,4.06%,31.46%,1.9,1.34,1.15%,1.34%,-0.47%,33.21%,6.63,1.55,-0.57%,70.58,3.24%,13.42%,5.30%,0.16%
GS,0.92%,January14,1,Financial,87.00B,0.048449514921048834,-0.032128989876582636,0.0022953895723674127,-0.00690008765877792,-0.00690008765877792,3-Hold ,BUY,,C,"The Goldman Sachs Group, Inc.",Investment Brokerage - National,USA,11.63,247.38,"1,469,770",Tomorrow Before Market EPS,3.64%,9.98%,9.20%,21.50%,10.21,1.12,0.92,,1.61,3.19,5.40%,,7.15,2.04%,Jan 15/b,60.60%,2.83,20.30%,15.70%,,0.90%,10.70%,1.70%,2.39M,349.25M,1.90%,0.20%,0.00%,75.80%,-0.18%,354.80M,2.78,15.89%,10.86%,19.80%,4.81%,6.65%,38.59%,2.4,1.72,1.29%,1.34%,0.54%,42.13%,3.59,1.34,0.04%,78.33,6.27%,18.29%,9.94%,0.87%
LEN-B,1.67%,January14,1,Industrial Goods,1.83B,0.004173294599240761,-0.028289427080471795,-0.032353094615700684,-0.032975476496282026,-0.01585959300004106,,,,,Lennar Corporation,Residential Construction,USA,7.99,48.8,"16,047",Tomorrow Before Market EPS,,,,,,1.0,,,0.08,,,,,0.33%,Jan 15/b,,,,,,,,,50.49K,,,,,,,37.74M,3.89,27.54%,1.81%,3.75%,4.18%,8.26%,30.05%,,0.86,2.39%,3.17%,-1.73%,40.35%,1.12,,0.06%,66.61,7.19%,14.09%,5.32%,0.78%
OGI,34.50%,January14,1,Healthcare,348.32M,0.09827759554018484,0.0008824964753330277,-0.00031217174546327437,-0.008854117794544434,-0.03591820940342917,3-Hold ,,,D,OrganiGram Holdings Inc.,Drugs - Generic,Canada,,2.2,"1,815,020",Today After Market EPS,,,,,,,,,,,,,,,Jan 14/a,,,,,,,,,2.77M,155.85M,5.99%,3.81%,0.00%,15.98%,,156.20M,3.37,-63.44%,-12.89%,-29.43%,2.29%,-8.98%,-53.44%,,1.78,7.91%,11.08%,-74.05%,15.87%,0.18,,0.00%,44.92,-5.87%,-55.80%,-16.25%,-1.79%
PNC,-2.63%,January14,1,Financial,70.85B,0.15214606184017612,-0.0015335113055698455,0.024931834943534643,0.015996269263704715,0.007278875634747237,2-Buy ,HOLD,,B,"The PNC Financial Services Group, Inc.",Money Center Banks,USA,14.25,160.38,"819,528",Tomorrow Before Market EPS,6.10%,4.87%,7.70%,35.30%,13.39,1.43,2.87,15.55,5.15,2.34,4.70%,,0.8,2.89%,Jan 15/b,,0.8,68.40%,36.90%,,1.30%,10.40%,10.00%,1.67M,437.32M,1.10%,0.20%,-27.92%,83.40%,0.14%,444.36M,2.86,13.72%,2.86%,13.56%,0.59%,-0.12%,32.81%,2.6,1.34,1.22%,1.27%,-0.80%,36.98%,2.07,1.11,-0.17%,58.97,0.57%,14.59%,3.47%,0.83%
UNH,2.81%,January14,1,Healthcare,269.98B,0.09129493973196076,0.00023112413024743242,0.00328022613561748,0.012052092181534135,0.004551276874553878,3-Hold ,BUY,,C,UnitedHealth Group Incorporated,Health Care Plans,USA,20.79,287.54,"1,703,344",Tomorrow Before Market EPS,13.63%,9.75%,17.30%,28.30%,17.38,4.93,21.84,30.33,1.13,1.53,13.10%,,0.82,1.51%,Jan 15/b,,0.7,8.00%,5.60%,,8.20%,25.20%,15.60%,3.60M,940.89M,1.10%,0.30%,-2.09%,88.20%,-0.10%,944.49M,2.88,7.48%,1.91%,28.72%,-1.96%,-2.77%,15.42%,1.8,1.29,1.57%,1.94%,-4.19%,38.15%,4.9,0.67,-0.09%,51.77,-1.76%,15.16%,3.17%,0.64%
USB,-2.91%,January14,1,Financial,89.18B,0.010367495292757666,0.06947235361367347,0.004411013748494953,0.003189463279189416,0.00863521133063235,3-Hold ,HOLD,,C,U.S. Bancorp,Regional - Midwest Banks,USA,13.03,56.99,"2,030,249",Tomorrow Before Market EPS,4.90%,1.85%,6.60%,39.30%,12.85,1.88,5.84,17.09,5.08,2.66,5.70%,,0.87,2.96%,Jan 15/b,,0.87,66.50%,39.60%,,1.50%,15.00%,11.60%,5.61M,1.56B,1.09%,0.10%,-17.02%,77.60%,0.02%,1.57B,3.03,6.76%,-4.29%,6.06%,-1.73%,-4.35%,19.54%,3.0,1.01,1.18%,1.02%,-6.73%,21.59%,0.74,1.09,-0.04%,32.83,-3.32%,4.46%,-3.58%,0.55%
AA,-8.97%,January15,1,Basic Materials,3.85B,0.14356771015882258,0.06362771272324608,0.00010875207408389542,-0.01617897070370115,-0.04181609421208962,3-Hold ,HOLD,,F,Alcoa Corporation,Aluminum,USA,,20.42,"2,148,266",Today After Market EPS,,182.80%,15.70%,-6.00%,28.21,0.83,4.58,6.8,0.34,,1.30%,1.5,0.4,,Jan 15/a,20.40%,0.4,4.40%,-6.90%,0.8,-5.00%,-15.40%,14.20%,3.99M,185.05M,4.79%,0.10%,0.00%,91.70%,0.06%,189.01M,2.22,-12.65%,-4.19%,6.26%,-4.46%,-5.30%,-29.25%,2.7,1.47,2.85%,4.01%,-35.09%,24.01%,0.64,,-0.39%,45.88,-2.62%,-7.43%,-2.70%,0.60%
BK,-8.01%,January15,1,Financial,47.92B,0.14317983074570292,0.05936209694482386,0.011152639957708745,0.007925205712949503,-0.005057708701153589,2-Buy ,HOLD,,D,The Bank of New York Mellon Corporation,Asset Management,USA,13.29,50.79,"977,695",Tomorrow Before Market EPS,4.67%,7.22%,17.80%,29.50%,11.88,1.27,0.32,14.8,6.23,2.85,13.90%,,0.76,2.43%,Jan 16/b,,0.76,42.60%,48.10%,,1.00%,9.80%,3.90%,4.20M,919.89M,0.98%,0.10%,-27.55%,86.80%,0.05%,939.35M,2.16,18.33%,-0.41%,16.17%,-0.47%,1.35%,5.35%,2.9,0.63,1.21%,1.09%,-6.39%,25.38%,0.65,1.08,-0.55%,54.32,0.18%,8.99%,2.18%,0.14%
CCI,0.28%,January15,1,Technology,59.05B,0.3255354167173209,0.0007481209977413528,-0.003107955861196388,0.0027504509269419947,0.031155889513684087,4-Sell ,BUY,,A,Crown Castle International Corp. (REIT),Diversified Communication Services,USA,71.55,144.12,"381,671",Today After Market EPS,21.00%,19.94%,55.10%,27.80%,58.56,5.21,324.46,,10.12,3.41,13.60%,0.7,1.58,3.38%,Jan 15/a,65.90%,1.57,28.00%,14.20%,0.7,2.30%,7.10%,4.60%,2.01M,413.85M,1.19%,0.10%,3.92%,94.30%,0.04%,416.00M,2.44,6.95%,7.54%,4.28%,2.22%,-0.14%,33.39%,2.5,0.52,1.48%,1.27%,-3.57%,35.46%,2.09,0.32,0.12%,63.01,2.79%,6.94%,5.77%,1.41%
EDUC,0.71%,January15,1,Services,50.18M,-0.04444211302488839,0.006272940829876461,0.005219103992658347,0.004186857689273893,0.003020311430935346,,,,D,Educational Development Corporation,Publishing - Books,USA,8.43,5.9,"4,002",Tomorrow Before Market EPS,,,78.40%,26.80%,,1.79,50.18,16.19,0.43,,35.40%,1.9,0.75,3.40%,Jan 16/b,67.20%,0.67,6.20%,4.90%,0.3,8.30%,21.70%,13.30%,7.21K,6.56M,0.02%,1.40%,5.80%,24.60%,,8.52M,0.18,-13.25%,-9.94%,-19.54%,-5.31%,-4.69%,-32.30%,,1.49,2.46%,3.62%,-38.87%,5.17%,0.19,1.33,0.17%,35.68,-4.93%,-14.97%,-7.40%,0.00%
EGBN,-0.03%,January15,1,Financial,1.63B,0.0012377182622003602,0.00028764656708517576,0.19983424696632326,0.06760208467757264,0.025686482769301758,3-Hold ,BUY,,D,"Eagle Bancorp, Inc.",Regional - Mid-Atlantic Banks,USA,11.24,47.63,"33,066",Today After Market EPS,4.30%,4.14%,20.20%,32.10%,10.95,1.39,3.85,,3.81,2.61,20.10%,,0.18,1.82%,Jan 15/a,,0.18,73.00%,34.50%,,1.70%,12.80%,19.30%,184.72K,30.79M,3.61%,0.10%,-6.88%,75.80%,0.02%,33.84M,6.01,-11.47%,2.92%,14.29%,1.11%,-0.84%,-5.56%,2.5,0.51,1.68%,1.61%,-21.75%,28.25%,0.84,0.89,-0.93%,49.01,-1.92%,-0.50%,2.10%,-0.46%
EMMS,-0.27%,January15,1,Services,47.92M,0.3754663052717661,,-0.0031235880542226373,-0.0031235880542226373,-0.042838568996254864,,,,D,Emmis Communications Corporation,Broadcasting - Radio,USA,,3.64,"6,452",Tomorrow Before Market EPS,1.00%,,-14.50%,-67.70%,,0.35,0.43,,0.66,,-11.10%,3.2,0.47,,Jan 16/b,18.80%,0.41,,,3.2,,,22.20%,39.53K,11.09M,0.02%,6.10%,-16.65%,54.50%,1.55%,13.20M,0.05,-28.19%,-6.23%,-18.66%,-0.55%,-4.13%,7.02%,,0.45,3.57%,4.31%,-42.61%,13.04%,0.13,1.19,0.00%,37.64,-2.08%,-13.77%,-9.96%,0.28%
FEDU,2.28%,January15,1,Services,81.28M,0.034103258581399135,,0.0009429254084049412,0.0009429254084049412,0.0005639412399887077,,HOLD,,B,Four Seasons Education (Cayman) Inc.,Education & Training Services,China,77.73,1.71,"9,371",Tomorrow Before Market EPS,,,,-101.60%,,0.69,0.77,,1.52,,,3.7,0.0,5.26%,Jan 16/b,47.80%,0.0,1.00%,2.20%,3.7,0.70%,1.10%,-1.30%,31.02K,47.17M,0.03%,2.62%,0.00%,12.10%,,47.53M,0.46,-6.56%,-8.06%,-6.04%,3.01%,6.88%,-33.98%,3.0,0.81,3.64%,4.39%,-38.49%,12.50%,0.08,,0.00%,45.53,-0.57%,-12.92%,-9.79%,0.00%
HGSH,2.68%,January15,1,Financial,29.92M,0.19672002014749526,0.0002532737016736064,-0.007373095169896259,-0.007373095169896259,-0.007373095169896259,,,,D,China HGS Real Estate Inc.,Real Estate Development,China,16.19,0.62,"336,381",Tomorrow Before Market EPS,,,-18.30%,19.20%,,0.19,59.84,,0.79,,0.20%,0.8,0.7,,Jan 16/b,21.20%,0.19,12.70%,-1.10%,,-0.10%,-0.20%,3.30%,97.25K,13.57M,0.93%,86.60%,0.00%,0.04%,,44.00M,1.29,-20.00%,-2.65%,-2.87%,1.51%,-5.56%,-24.44%,,9.31,16.67%,40.41%,-66.49%,6.36%,0.15,2.21,-5.88%,33.58,-17.44%,-26.93%,-19.31%,-3.12%
HOMB,5.06%,January15,1,Financial,3.25B,0.1067676703961297,,0.021289647282780304,0.014695630234928102,0.0057894103081505615,4-Sell ,BUY,,D,"Home Bancshares, Inc. (Conway, AR)",Money Center Banks,USA,11.33,19.23,"160,587",Tomorrow Before Market EPS,5.00%,-2.28%,24.80%,51.30%,11.5,1.3,7.33,23.82,4.51,2.27,25.80%,,0.15,2.71%,Jan 16/b,,0.15,78.00%,39.90%,,1.90%,12.00%,17.00%,586.42K,152.76M,4.92%,4.00%,-3.84%,67.90%,0.09%,169.36M,12.81,1.16%,-1.08%,2.95%,-1.59%,-2.29%,6.25%,2.1,0.77,1.49%,1.48%,-5.72%,17.25%,0.31,1.19,-0.57%,46.48,-1.90%,2.37%,0.53%,0.55%
HWC,-0.14%,January15,1,Financial,3.88B,0.2607814604994928,0.00012467282249417622,0.03486993560909468,0.018435451097502664,0.006738857468008064,2-Buy ,BUY,,D,Hancock Whitney Corporation,Regional - Southeast Banks,USA,11.63,43.99,"163,834",Today After Market EPS,8.00%,4.07%,14.00%,37.00%,10.63,1.06,7.5,27.85,3.49,1.45,7.30%,,0.07,2.45%,Jan 15/a,,0.07,75.00%,29.30%,,1.10%,9.90%,22.80%,477.53K,82.78M,4.84%,0.60%,-0.34%,82.00%,-0.01%,87.98M,8.39,13.92%,3.50%,17.10%,2.42%,0.50%,17.13%,2.2,0.93,1.58%,1.50%,-1.71%,30.75%,0.72,1.36,-0.52%,60.7,0.62%,9.72%,4.32%,0.23%
IIIN,9.28%,January15,1,Basic Materials,418.73M,0.1337160188693815,0.00047017121456023733,-0.011991196937742643,-0.005662111875911553,-0.025218965986156642,,STRONG BUY,,D,"Insteel Industries, Inc.",Steel & Iron,USA,74.88,21.52,"43,608",Tomorrow Before Market EPS,13.00%,276.32%,-20.10%,-83.10%,15.13,1.69,10.96,,0.92,5.76,2.20%,5.7,0.0,0.55%,Jan 16/b,6.60%,0.0,1.50%,1.20%,3.2,1.80%,2.30%,2.00%,93.75K,18.29M,2.74%,3.60%,0.00%,83.10%,-0.19%,19.35M,5.35,0.93%,-5.75%,9.02%,1.93%,0.70%,-11.96%,1.0,1.29,3.03%,1.94%,-13.68%,23.04%,0.59,1.66,-0.79%,45.46,-2.17%,5.43%,-1.55%,0.23%
MS,7.65%,January15,1,Financial,85.31B,-0.01510510885636904,0.1956004537794797,-0.043940305787972735,-0.0074814468638062705,-0.014955436418331376,3-Hold ,BUY,,C,Morgan Stanley,Investment Brokerage - National,USA,11.29,52.75,"3,776,405",Tomorrow Before Market EPS,7.51%,5.18%,28.00%,26.60%,10.24,1.15,2.39,2.93,1.64,1.5,6.30%,,5.87,2.65%,Jan 16/b,70.30%,2.62,20.00%,14.90%,,0.90%,10.70%,1.80%,8.73M,1.23B,1.40%,23.80%,-0.03%,62.50%,0.08%,1.61B,1.97,18.97%,4.28%,25.11%,3.81%,3.40%,24.44%,2.1,1.18,1.11%,1.22%,-1.00%,35.99%,0.68,1.34,-0.81%,68.06,2.73%,16.60%,5.41%,0.53%
PPG,-2.60%,January15,1,Basic Materials,30.86B,0.13419491170789116,-0.005566304877158307,0.013885046692141459,-0.017573390391044087,0.004929222014543484,4-Sell ,BUY,,C,"PPG Industries, Inc.",Specialty Chemicals,USA,25.74,131.65,"405,405",Tomorrow Before Market EPS,8.31%,9.55%,12.70%,-8.40%,19.0,5.87,20.71,25.72,2.04,3.1,1.50%,1.5,1.05,1.57%,Jan 16/b,42.40%,0.93,10.70%,8.00%,1.1,7.00%,24.40%,14.20%,1.30M,235.88M,2.52%,0.10%,-22.33%,79.40%,0.01%,237.52M,4.56,10.25%,-2.86%,10.85%,1.44%,-2.67%,27.43%,2.4,0.85,1.09%,1.20%,-2.03%,32.41%,1.56,1.24,-0.17%,54.25,0.28%,10.51%,1.10%,1.48%
SMIT,-1.43%,January15,1,Technology,15.22M,0.026529289092877655,0.00022916309171705507,0.00040765701790708886,0.00030220153275877236,0.00037584219708977883,,,,B,"Schmitt Industries, Inc.",Scientific & Technical Instruments,USA,,3.5,"37,060",Tomorrow Before Market EPS,,,-18.70%,-596.60%,,1.67,9.51,,1.11,,2.60%,7.1,0.0,,Jan 16/b,37.90%,0.0,-5.40%,-6.00%,3.1,-8.00%,-9.50%,-13.30%,39.30K,3.72M,1.54%,4.50%,-66.02%,54.50%,5.71%,4.18M,1.46,68.52%,-2.15%,18.57%,-3.19%,-5.70%,27.72%,,2.55,3.68%,3.17%,-14.96%,88.73%,0.15,0.7,-1.92%,40.25,-6.04%,33.34%,-1.69%,-1.14%
TSM,0.83%,January15,1,Technology,298.78B,0.18691228183906788,0.01557034422075958,-0.02392858404605899,-0.017094559093732784,0.019699475816869386,1-Strong Buy ,BUY,,A,Taiwan Semiconductor Manufacturing Company Limited,Semiconductor - Integrated Circuits,Taiwan,28.48,58.79,"3,848,512",Tomorrow Before Market EPS,11.90%,28.54%,13.80%,2.30%,21.78,5.91,14.86,45.44,8.59,2.39,11.60%,1.7,0.1,4.01%,Jan 16/b,45.20%,0.03,34.10%,31.60%,1.5,15.20%,20.10%,18.20%,6.53M,4.78B,0.30%,,,20.10%,0.20%,4.95B,2.23,44.41%,2.92%,20.86%,3.43%,3.82%,68.68%,1.7,1.62,1.39%,1.44%,-3.03%,68.83%,1.09,1.03,-1.04%,55.47,0.31%,27.17%,5.54%,-1.48%
VBFC,-3.90%,January15,1,Financial,56.54M,0.13871628259312274,0.0014716902624059005,0.00031048440602414,0.00031048440602414,0.00031048440602414,,,,B,Village Bank and Trust Financial Corp.,Regional - Mid-Atlantic Banks,USA,13.95,38.99,0,Tomorrow Before Market EPS,,,16.10%,390.80%,,1.36,1.22,,2.44,,1.40%,,0.35,,Jan 16/b,,0.35,78.10%,17.30%,,0.80%,10.30%,32.00%,2.66K,0.56M,0.17%,56.20%,,6.60%,,1.45M,0.36,19.24%,8.31%,13.01%,2.07%,5.06%,17.26%,,0.62,1.08%,1.17%,0.00%,25.17%,0.62,0.01,0.00%,66.7,3.82%,14.79%,8.37%,0.00%
VOLT,-5.90%,January15,1,Technology,50.78M,-0.045296351052093085,0.0010412586852908132,0.0004761378731927834,0.0006541667092581822,0.001225757553766016,3-Hold ,,,D,"Volt Information Sciences, Inc.",Data Storage Devices,USA,,2.76,"21,038",Today After Market EPS,,87.30%,-20.50%,-213.20%,,1.46,,,0.05,,-12.40%,1.9,0.0,,Jan 15/a,15.30%,1.51,-1.30%,-1.70%,1.9,-7.50%,-39.30%,-29.50%,18.07K,12.39M,0.07%,1.20%,0.00%,42.10%,,20.56M,0.49,-45.59%,2.92%,-17.11%,-3.89%,-0.40%,-21.59%,,3.13,5.73%,6.85%,-44.80%,23.21%,0.16,1.74,7.29%,55.98,10.87%,-24.85%,4.67%,4.15%
WNS,3.52%,January15,1,Services,3.36B,0.26203456833509337,0.003758839287055547,0.0046085251766877855,-0.10196793081039296,-0.01715495421694868,3-Hold ,BUY,,A,WNS (Holdings) Limited,Business Services,India,30.7,68.27,"118,717",Tomorrow Before Market EPS,10.88%,7.63%,20.50%,30.90%,20.72,6.14,23.92,19.65,3.95,2.82,10.00%,1.9,0.09,,Jan 16/b,37.50%,0.05,16.20%,13.50%,1.9,13.20%,21.40%,15.30%,176.24K,25.35M,0.11%,0.07%,0.00%,98.20%,0.03%,49.82M,0.16,13.92%,8.14%,12.50%,1.84%,2.07%,49.94%,1.6,1.81,1.64%,1.82%,-0.41%,53.87%,1.04,1.22,-0.01%,73.53,3.61%,13.46%,6.88%,1.13%
BEDU,-0.84%,January16,1,Services,1.14B,0.055701342118027235,0.0026707201547348327,0.002338395946935634,0.002089835413850475,0.009483927592345237,2-Buy ,HOLD,,D,Bright Scholar Education Holdings Limited,Education & Training Services,China,32.81,9.37,"45,690",Today After Market EPS,15.86%,24.83%,54.80%,-2.60%,16.82,2.83,2.27,9.16,3.09,2.07,34.20%,1.5,0.79,1.08%,Jan 16/a,38.10%,0.77,11.70%,9.40%,1.5,4.50%,8.70%,4.50%,38.77K,19.73M,0.48%,20.54%,0.00%,52.90%,0.05%,123.95M,2.45,-4.36%,-2.95%,-1.71%,0.22%,4.42%,-20.79%,3.5,3.2,3.18%,3.02%,-26.06%,11.79%,0.3,,1.30%,57.17,4.11%,-3.30%,2.80%,0.54%
BMTC,-0.38%,January16,1,Financial,802.12M,0.020191919514218167,0.031123388558626175,0.0005372195416081619,0.01824792010241557,0.01015322348872647,3-Hold ,BUY,,D,Bryn Mawr Bank Corporation,Regional - Mid-Atlantic Banks,USA,13.82,40.01,"15,937",Today After Market EPS,7.00%,1.79%,11.00%,38.20%,12.66,1.33,5.9,,4.13,1.97,18.20%,,0.2,2.62%,Jan 16/a,,0.2,72.70%,30.90%,,1.30%,10.30%,18.40%,69.94K,19.81M,0.43%,1.20%,-1.81%,77.30%,0.01%,20.23M,1.22,7.74%,-0.92%,10.88%,-2.56%,-3.86%,8.72%,2.4,0.63,1.16%,1.30%,-3.37%,20.29%,0.52,0.73,0.68%,44.78,-1.97%,6.77%,0.39%,0.23%
CFG,2.74%,January16,1,Financial,17.16B,0.10282893412622797,0.00028609414499335215,0.02524187896475875,0.08334897263767534,0.011633398535055815,3-Hold ,BUY,,D,"Citizens Financial Group, Inc.",Regional - Mid-Atlantic Banks,USA,10.46,39.54,"1,414,310",Tomorrow Before Market EPS,5.41%,2.01%,20.70%,33.40%,10.08,0.84,2.95,21.69,2.75,1.93,10.50%,,0.62,3.69%,Jan 17/b,,0.62,68.60%,27.90%,,1.10%,8.50%,10.80%,3.43M,433.34M,1.80%,0.10%,3.53%,99.90%,-0.05%,440.22M,2.28,13.48%,-2.84%,10.99%,-1.96%,-4.01%,17.76%,1.9,1.12,1.26%,1.47%,-3.42%,26.28%,0.63,1.48,0.82%,48.18,-1.56%,9.95%,0.91%,0.56%
CSX,-0.13%,January16,1,Services,58.97B,0.08736162520217476,0.15171019228562893,0.08376945284494881,0.03807704005596274,0.0001659623317588436,3-Hold ,HOLD,,C,CSX Corporation,Railroads,USA,17.9,76.01,"2,191,344",Today After Market EPS,8.46%,4.35%,16.00%,78.80%,17.27,4.99,23.05,23.42,4.84,2.12,0.40%,1.4,1.41,1.28%,Jan 16/a,76.80%,1.35,41.50%,27.90%,1.3,9.00%,27.70%,14.20%,4.25M,781.13M,1.16%,0.15%,-74.26%,74.40%,-5.68%,786.39M,2.12,5.06%,3.04%,8.41%,2.19%,3.63%,15.17%,2.6,1.42,1.34%,1.37%,-5.62%,20.67%,1.08,1.18,0.88%,71.75,4.13%,4.80%,5.36%,0.71%
FAST,-0.38%,January16,1,Services,21.08B,-0.022717489108617882,-0.5796039121270041,-0.051727176192278936,0.003188629802445156,0.05759022338763103,3-Hold ,HOLD,,C,Fastenal Company,Industrial Equipment Wholesale,USA,27.41,36.87,"1,256,563",Tomorrow Before Market EPS,19.00%,5.28%,11.40%,34.30%,25.29,8.16,110.24,1164.55,3.99,1.44,8.30%,4.5,0.17,2.39%,Jan 17/b,47.40%,0.17,19.90%,14.80%,2.1,21.50%,31.90%,26.90%,3.70M,572.02M,5.19%,0.25%,-14.19%,87.60%,-0.10%,572.94M,8.02,20.27%,-0.65%,2.77%,1.63%,-0.43%,34.79%,3.0,0.93,1.42%,1.54%,-2.94%,36.34%,0.62,1.21,0.30%,53.7,0.33%,10.14%,1.18%,-0.20%
FHN,3.80%,January16,1,Financial,5.04B,0.03570261816203128,0.000675858062095358,0.028639617214503237,0.04396702221926647,0.052183642293359984,3-Hold ,BUY,,C,First Horizon National Corporation,Regional - Southeast Banks,USA,12.42,16.45,"1,706,793",Tomorrow Before Market EPS,9.50%,2.49%,76.20%,66.70%,9.82,1.1,1.44,5.78,3.11,1.31,16.10%,,0.26,3.46%,Jan 17/b,,0.26,71.40%,25.50%,,1.00%,9.20%,19.00%,3.68M,306.80M,4.11%,1.20%,-7.64%,83.60%,0.00%,311.37M,3.42,1.89%,-1.16%,0.19%,0.81%,-2.29%,12.44%,2.2,1.25,1.33%,1.59%,-5.77%,23.42%,0.25,1.3,0.49%,52.91,0.02%,5.61%,0.25%,0.95%
HURC,-0.81%,January16,1,Technology,230.05M,0.17837421437880038,0.0015824653173694973,0.0006157822372188093,0.0015284706809325145,0.004065989636364975,,,,D,"Hurco Companies, Inc.",Scientific & Technical Instruments,USA,13.1,33.8,"3,579",Tomorrow Before Market EPS,,,1.90%,-28.70%,,0.94,4.04,,0.87,,3.40%,4.8,0.0,1.44%,Jan 17/b,29.30%,0.0,8.60%,6.60%,2.1,5.60%,7.40%,7.00%,18.59K,6.30M,0.61%,3.20%,0.00%,80.00%,0.05%,6.90M,2.05,-4.39%,-12.68%,3.60%,-0.74%,-13.09%,-8.66%,,0.52,2.07%,2.63%,-23.28%,8.80%,0.92,0.91,0.33%,37.29,-6.56%,-4.33%,-6.35%,1.05%
INDB,-1.19%,January16,1,Financial,2.77B,0.025344303101883268,0.03891111924622237,0.005546305710595334,-0.042529372134898345,-0.03465135333814639,4-Sell ,BUY,,C,Independent Bank Corp.,Regional - Northeast Banks,USA,16.99,81.26,"38,517",Today After Market EPS,6.10%,6.16%,15.10%,35.10%,14.6,1.64,11.72,24.72,6.57,2.79,9.50%,,0.13,2.19%,Jan 16/a,,0.13,87.90%,35.00%,,1.40%,10.70%,21.90%,128.56K,33.76M,2.26%,0.60%,-21.18%,81.00%,0.34%,34.50M,5.93,10.40%,-5.04%,9.27%,-2.28%,-3.59%,11.04%,2.2,0.82,1.44%,1.60%,-7.38%,30.23%,1.32,1.15,0.26%,38.56,-2.68%,4.65%,-3.35%,0.88%
JBHT,-4.40%,January16,1,Services,12.68B,0.033728946183873634,0.00039678889704821183,0.08690007905079256,0.03677498100296362,0.01977904260793703,3-Hold ,HOLD,,C,"J.B. Hunt Transport Services, Inc.",Trucking,USA,27.16,119.58,"195,302",Tomorrow Before Market EPS,9.11%,9.46%,9.20%,-50.20%,20.18,5.79,168.85,132.64,1.4,2.98,9.10%,1.3,0.59,0.87%,Jan 17/b,17.40%,0.59,7.20%,5.10%,,8.70%,21.30%,16.40%,791.01K,84.60M,5.63%,2.50%,-9.88%,81.00%,3.14%,106.53M,6.02,21.75%,5.34%,6.66%,0.23%,1.93%,22.62%,2.8,0.67,1.71%,1.33%,-2.21%,42.98%,2.07,1.1,0.61%,63.89,2.10%,14.09%,2.72%,-0.14%
JEF,0.91%,January16,1,Financial,6.58B,-0.08512985382785701,0.000214280466298078,-0.0015785536221041446,-0.0014036395132279722,-0.016640911779632006,5-Strong Sell ,BUY,,D,Jefferies Financial Group Inc.,Investment Brokerage - Regional,USA,5.77,22.13,"372,524",Today After Market EPS,18.00%,29.44%,11.10%,123.90%,17.19,0.67,0.36,,1.43,0.32,-14.90%,0.9,1.93,2.31%,Jan 16/a,57.10%,1.06,-12.30%,17.40%,0.9,1.70%,8.10%,2.40%,1.38M,249.69M,1.94%,9.70%,-2.58%,75.20%,-2.04%,303.48M,3.53,10.60%,0.93%,18.91%,2.94%,1.50%,18.95%,2.0,0.74,1.62%,2.47%,-1.58%,33.78%,0.38,1.55,1.01%,66.01,3.14%,16.83%,6.27%,0.94%
KSU,3.21%,January16,1,Services,16.00B,0.22532937904470604,0.0612001187430451,-0.035507808660541845,0.002526383147394679,0.016787883943976567,3-Hold ,BUY,,B,Kansas City Southern,Railroads,USA,28.04,160.75,"650,107",Tomorrow Before Market EPS,14.52%,15.04%,13.20%,13.50%,20.0,3.26,259.68,17.5,5.65,1.93,2.80%,0.8,0.55,1.00%,Jan 17/b,68.20%,0.49,32.00%,20.20%,0.6,6.00%,11.90%,9.40%,1.07M,98.64M,5.15%,0.40%,-7.74%,93.20%,0.10%,100.16M,4.75,36.75%,5.46%,19.03%,0.60%,4.28%,57.58%,2.3,1.63,1.40%,1.65%,-0.58%,59.02%,2.33,0.95,0.51%,65.62,3.25%,21.95%,4.60%,0.16%
OZK,-3.89%,January16,1,Financial,3.85B,-0.011277441873244243,0.0681015037024281,0.0207272744751208,0.012406303078508549,0.013675272806115876,3-Hold ,BUY,,D,Bank OZK,Regional - Southeast Banks,USA,8.8,30.52,"236,313",Today After Market EPS,12.00%,-9.19%,20.80%,-13.60%,10.06,0.97,,7.41,3.28,0.73,39.00%,,0.14,3.46%,Jan 16/a,,0.14,71.10%,35.30%,,1.80%,10.80%,16.40%,752.06K,119.53M,5.14%,0.30%,0.00%,85.70%,-0.23%,128.26M,8.17,6.90%,-3.87%,6.62%,-1.96%,-1.52%,13.19%,2.6,0.86,1.55%,1.84%,-10.98%,25.54%,0.53,1.83,0.20%,51.63,-0.68%,3.90%,1.04%,1.56%
PBCT,-4.19%,January16,1,Financial,7.33B,0.02447830388555304,0.0041408821568568645,0.07861310018961376,0.05262952432369477,0.01691076530116862,3-Hold ,HOLD,,D,"People's United Financial, Inc.",Savings & Loans,USA,12.71,16.5,"607,480",Today After Market EPS,13.73%,2.53%,11.30%,33.10%,11.81,0.93,6.45,,4.03,0.93,9.20%,,0.13,4.36%,Jan 16/a,,0.13,73.30%,27.60%,,1.00%,7.60%,15.10%,3.20M,440.90M,3.62%,0.20%,-32.06%,71.40%,0.14%,450.03M,4.97,0.06%,-2.22%,2.84%,-1.33%,-3.67%,4.76%,2.9,0.52,1.32%,1.42%,-8.49%,19.48%,0.25,1.22,0.74%,47.57,-1.10%,1.73%,-0.62%,0.61%
PRGS,4.10%,January16,1,Technology,2.02B,0.023043182011315368,0.0007269472243933706,0.001103400315514591,0.15573032060183326,0.06529067169887119,3-Hold ,STRONG BUY,,C,Progress Software Corporation,Application Software,USA,41.6,46.36,"122,140",Today After Market EPS,10.00%,7.03%,13.30%,73.80%,15.98,6.08,13.92,23.53,4.97,4.16,3.50%,1.1,0.89,1.46%,Jan 16/a,82.50%,0.86,17.20%,12.20%,1.1,6.70%,15.50%,15.60%,232.79K,44.12M,1.73%,0.60%,0.00%,94.80%,0.03%,44.72M,3.29,6.62%,11.01%,12.22%,6.52%,8.93%,23.90%,1.2,1.51,1.57%,2.03%,-2.50%,45.80%,0.74,0.8,0.38%,81.65,9.40%,12.01%,11.01%,2.16%
RF,-1.20%,January16,1,Financial,15.93B,0.02773890664657301,0.0010796378010127226,0.014469736688884691,0.01119870412352005,0.024187600254159548,3-Hold ,BUY,,D,Regions Financial Corporation,Regional - Southeast Banks,USA,11.14,16.5,"3,789,954",Tomorrow Before Market EPS,8.35%,7.19%,11.90%,28.80%,10.04,1.05,3.14,6.73,3.4,1.33,3.80%,,0.4,3.80%,Jan 17/b,,0.4,73.40%,32.60%,,1.20%,10.30%,15.90%,8.49M,959.42M,1.45%,0.10%,-15.96%,74.80%,0.02%,976.44M,1.64,10.88%,-5.01%,4.48%,-0.85%,-4.95%,7.94%,2.4,1.2,1.26%,1.26%,-5.93%,23.32%,0.26,1.49,0.74%,43.59,-2.30%,6.38%,-1.94%,0.43%
SLB,1.47%,January16,1,Basic Materials,53.10B,0.3566017455565088,,0.0008438735454546986,-0.03809715874313983,-0.026926452022162255,5-Strong Sell ,BUY,,F,Schlumberger Limited,Oil & Gas Equipment & Services,USA,,38.84,"4,233,409",Tomorrow Before Market EPS,9.01%,15.72%,-21.40%,249.10%,22.73,2.22,23.17,59.73,1.62,,-6.70%,1.3,0.7,5.22%,Jan 17/b,12.50%,0.68,-29.60%,-30.20%,0.9,-14.70%,-30.10%,4.90%,11.13M,1.38B,1.46%,0.10%,-12.75%,79.60%,-0.03%,1.39B,1.81,-0.78%,-1.72%,16.82%,-2.74%,-4.65%,-8.13%,2.1,1.03,2.22%,2.68%,-20.69%,26.48%,0.98,1.62,0.63%,47.61,-2.92%,3.13%,2.41%,0.51%
STT,5.77%,January16,1,Financial,29.97B,-0.05793511823712834,0.01933607192586351,-0.08297837755260562,-0.017242490855869614,-0.00917610082178726,1-Strong Buy ,BUY,,C,State Street Corporation,Asset Management,USA,16.31,80.01,"2,241,740",Tomorrow Before Market EPS,-0.14%,12.63%,7.40%,6.70%,12.24,1.38,0.31,6.84,7.49,,6.00%,,0.53,2.56%,Jan 17/b,,0.53,63.90%,47.90%,,0.80%,8.90%,6.00%,2.53M,362.21M,1.46%,0.40%,-6.72%,94.50%,-0.01%,369.10M,2.08,48.76%,2.63%,36.76%,-0.34%,2.67%,18.28%,2.2,2.44,1.33%,1.46%,-3.50%,64.62%,1.3,1.57,-1.40%,52.17,-0.64%,25.89%,3.99%,-0.04%
YTRA,1.17%,January16,1,Conglomerates,154.24M,0.07546430973622288,,0.22711805900326001,0.12229959571186555,0.12229959571186555,,STRONG BUY,,D,"Yatra Online, Inc.",Conglomerates,India,,3.38,"25,320",Tomorrow Before Market EPS,,,,77.30%,,7.17,4.82,,1.3,,,0.9,0.71,,Jan 17/b,59.10%,0.1,-18.20%,-17.30%,0.9,-12.50%,-64.90%,-74.30%,89.84K,38.95M,1.13%,14.65%,0.00%,45.80%,0.02%,45.77M,4.92,-23.23%,1.51%,-11.78%,8.36%,6.98%,-32.33%,1.0,0.75,3.15%,2.99%,-39.21%,14.97%,0.1,,0.59%,59.07,6.17%,-16.01%,-1.72%,-0.29%
ALLT,24.92%,February3,1,Technology,329.44M,0.04557444757457623,0.08726999777926332,0.0013657654599228408,0.0010298118933860679,0.0011766893987644124,3-Hold ,STRONG BUY,,B,Allot Ltd.,Communication Equipment,Israel,,9.55,"55,042",Tomorrow Before Market EPS,,78.30%,-27.51%,-53.30%,,2.47,,,3.1,,,,,,Feb 04/b,,,,,,,,,103.65K,22.32M,2.22%,4.68%,0.00%,82.38%,,34.35M,4.78,34.50%,12.82%,23.74%,-1.74%,12.82%,37.20%,1.5,1.41,2.65%,2.41%,-5.02%,41.62%,0.26,,1.36%,57.66,0.78%,20.60%,7.19%,-1.80%
AQUA,10.72%,February3,1,Industrial Goods,2.34B,0.5410119133801865,0.00034931010886793954,-0.18781605921685696,-0.008208642855000411,-0.03215336678101721,3-Hold ,BUY,,B,Evoqua Water Technologies Corp.,Pollution & Treatment Controls,USA,,20.21,"299,967",Tomorrow Before Market EPS,11.78%,18.27%,38.40%,-474.80%,31.8,6.32,21.34,64.6,1.62,,5.60%,2.0,2.76,,Feb 04/b,29.90%,2.67,0.10%,-0.70%,1.6,-0.60%,-2.70%,-0.60%,658.78K,78.67M,1.94%,0.70%,-15.58%,90.60%,0.26%,117.42M,2.32,46.52%,5.38%,13.98%,2.83%,5.38%,84.74%,2.5,1.22,2.62%,2.81%,-1.00%,91.60%,0.51,,0.65%,63.47,5.01%,27.31%,5.32%,0.47%
ARMK,-1.96%,February3,1,Services,11.32B,0.01275650855677668,0.8592239507789989,0.03230101451057029,0.06310217571399335,0.04943949768737908,4-Sell ,BUY,,B,Aramark,Specialty Eateries,USA,25.5,44.19,"542,600",Tomorrow Before Market EPS,9.20%,11.22%,22.60%,33.40%,16.87,3.29,45.9,30.37,0.7,2.77,1.80%,1.0,2.01,1.00%,Feb 04/b,10.40%,1.99,5.50%,2.80%,0.8,3.30%,13.70%,7.70%,2.18M,247.10M,3.58%,0.40%,-17.82%,,0.63%,256.45M,4.06,23.50%,1.71%,0.78%,-4.23%,1.71%,33.96%,2.2,0.68,1.66%,1.80%,-6.64%,72.95%,0.78,0.88,0.61%,43.27,-2.80%,11.60%,-0.19%,-0.73%
ATI,13.46%,February3,1,Industrial Goods,2.25B,-0.24509002793846385,0.00020731703352794284,0.015030273438242148,0.008462712511573045,0.02205724726100773,5-Strong Sell ,HOLD,,D,Allegheny Technologies Incorporated,Metal Fabrication,USA,9.71,17.07,"323,678",Tomorrow Before Market EPS,14.20%,13.74%,30.50%,289.60%,12.86,1.0,4.39,9.84,0.54,0.68,0.00%,3.2,0.72,,Feb 04/b,14.90%,0.71,8.30%,5.80%,1.6,4.40%,12.10%,10.40%,1.37M,124.81M,12.57%,0.40%,3.25%,,,130.18M,11.46,-17.62%,-16.51%,-10.06%,-5.01%,-16.51%,-37.02%,2.6,0.64,3.75%,3.36%,-42.03%,0.41%,0.69,2.21,0.35%,30.22,-7.92%,-21.38%,-17.72%,-1.21%
ATKR,3.80%,February3,1,Industrial Goods,1.93B,0.013758150674870451,0.00010673568431229796,0.002169529130696901,0.001915828629080352,0.0016946015923773909,,BUY,,A,Atkore International Group Inc.,Industrial Electrical Equipment,USA,13.99,40.21,"55,042",Tomorrow Before Market EPS,13.42%,5.20%,30.40%,19.40%,9.77,7.99,15.62,11.03,1.01,1.04,2.40%,2.4,3.63,,Feb 04/b,25.90%,3.63,12.10%,7.10%,1.6,9.80%,75.40%,17.20%,416.02K,46.64M,1.56%,0.80%,-18.03%,99.10%,-0.18%,48.55M,1.75,49.30%,-1.88%,13.33%,-3.01%,-1.88%,71.19%,2.5,0.36,2.04%,2.17%,-7.82%,95.42%,0.86,1.8,0.53%,43.4,-2.15%,27.46%,-1.82%,0.48%
AXE,0.34%,February3,1,Services,3.34B,-0.05979114257830327,0.0024191756062161107,0.005859514557717678,0.04166312143632405,0.018811901814915474,3-Hold ,HOLD,,B,Anixter International Inc.,Industrial Equipment Wholesale,USA,16.51,98.16,"91,331",Tomorrow Before Market EPS,8.00%,7.88%,-3.10%,5.80%,13.14,1.91,34.87,16.41,0.38,2.06,9.70%,1.9,0.0,,Feb 04/b,20.00%,0.62,4.20%,2.30%,1.1,4.20%,12.30%,8.30%,654.27K,30.25M,1.60%,1.80%,-5.17%,88.00%,-2.48%,34.19M,0.74,56.64%,5.97%,17.00%,-1.10%,5.97%,60.76%,2.7,0.38,0.82%,0.81%,-1.31%,85.29%,1.02,1.93,0.49%,64.15,-0.26%,38.53%,6.24%,0.01%
BDC,6.05%,February3,1,Industrial Goods,2.28B,0.20499305335189485,0.000401156907476737,-0.0006497697395388968,0.0934272020593718,0.051491812663208784,2-Buy ,HOLD,,D,Belden Inc.,Industrial Electrical Equipment,USA,,50.11,"45,478",Tomorrow Before Market EPS,10.16%,-3.06%,7.30%,63.80%,10.93,1.92,7.68,18.02,0.91,,4.60%,1.9,1.23,0.41%,Feb 04/b,38.50%,1.23,-4.10%,-8.50%,1.4,-5.80%,-15.80%,8.20%,231.34K,44.67M,5.81%,1.74%,0.00%,,-0.22%,46.27M,11.22,7.55%,-10.42%,-3.64%,-2.20%,-10.42%,-8.10%,3.0,0.54,2.27%,2.66%,-22.21%,20.58%,1.33,2.43,0.89%,37.22,-5.26%,-6.17%,-6.78%,0.66%
BP,4.73%,February3,1,Basic Materials,123.17B,-0.0827490545405973,0.006674620003650489,0.0466643490542386,-0.015912274925875342,-0.012989310239318002,3-Hold ,BUY,,F,BP p.l.c.,Major Integrated Oil & Gas,United Kingdom,25.62,35.29,"6,420,817",Tomorrow Before Market EPS,31.50%,14.60%,-17.80%,115.00%,10.88,1.25,6.22,129.79,0.44,0.81,-4.70%,1.2,0.77,6.81%,Feb 04/b,15.70%,0.67,3.40%,1.70%,0.9,1.70%,4.80%,4.60%,7.44M,3.34B,0.10%,0.50%,0.00%,11.40%,0.15%,3.41B,0.44,-7.36%,-4.27%,-6.06%,-5.25%,-4.27%,-12.14%,2.3,2.35,1.01%,1.06%,-22.30%,-1.30%,0.52,0.79,-0.69%,23.63,-7.97%,-10.12%,-6.99%,-1.72%
CLX,5.52%,February3,1,Consumer Goods,19.79B,0.11768507664549233,0.13807151847010704,-0.01845907666465792,0.05016650930075331,0.02691633558142233,4-Sell ,HOLD,,C,The Clorox Company,Housewares & Accessories,USA,24.96,156.32,"462,098",Tomorrow Before Market EPS,2.84%,5.18%,7.50%,12.00%,24.35,36.0,131.95,70.94,3.21,8.79,2.40%,0.9,5.0,2.70%,Feb 04/b,44.10%,4.18,16.50%,13.20%,0.5,15.70%,123.60%,25.30%,898.08K,125.37M,7.48%,0.20%,-9.47%,82.40%,1.41%,125.82M,10.45,0.75%,2.46%,4.32%,-0.61%,2.46%,6.02%,3.2,1.43,1.27%,1.32%,-6.25%,8.57%,2.05,0.39,0.22%,54.67,0.28%,1.88%,2.50%,-0.75%
CMCO,6.25%,February3,1,Industrial Goods,844.66M,0.08792706550697663,,0.005794665780285868,0.013923231248251492,0.008102770286920228,3-Hold ,STRONG BUY,,C,Columbus McKinnon Corporation,Farm & Construction Machinery,USA,15.83,35.36,"22,028",Tomorrow Before Market EPS,20.00%,13.64%,2.60%,2.10%,10.68,1.78,11.73,11.68,0.99,0.79,8.50%,1.7,0.59,0.69%,Feb 04/b,34.90%,0.45,9.80%,6.30%,1.0,5.10%,12.30%,7.90%,156.63K,22.85M,2.59%,2.00%,-8.95%,,1.97%,24.14M,3.78,-4.79%,-12.59%,-8.16%,-5.43%,-12.59%,-3.34%,1.5,0.41,2.91%,2.85%,-18.19%,14.60%,1.04,1.7,0.60%,33.57,-6.40%,-7.04%,-10.27%,0.14%
CMI,0.90%,February3,1,Industrial Goods,25.45B,0.20294568120360573,0.2477819323939912,-0.03346177691764751,-0.0004189541383918065,-0.006597643033393596,3-Hold ,HOLD,,D,Cummins Inc.,Diversified Machinery,USA,10.23,161.67,"642,976",Tomorrow Before Market EPS,0.05%,-13.37%,10.80%,24.30%,12.41,3.19,13.66,13.78,1.06,204.63,6.60%,1.5,0.34,3.28%,Feb 04/b,25.80%,0.21,12.80%,10.50%,1.0,12.80%,32.50%,22.70%,1.10M,152.73M,3.34%,0.10%,0.00%,86.80%,-0.23%,159.07M,4.66,0.15%,-10.61%,-8.37%,-5.43%,-10.61%,8.74%,2.7,1.58,1.77%,1.73%,-13.46%,14.49%,3.27,1.14,0.84%,29.64,-5.38%,-3.38%,-8.72%,0.17%
CNC,-1.24%,February3,1,Healthcare,37.09B,-0.031229426884757626,-0.000987404966118837,0.04770598550157956,0.022183707986976896,0.0200931893870882,3-Hold ,BUY,,C,Centene Corporation,Health Care Plans,USA,19.49,62.56,"1,283,856",Tomorrow Before Market EPS,14.86%,9.06%,25.80%,13.50%,13.04,2.11,5.28,47.31,0.51,1.31,40.80%,1.0,0.57,,Feb 04/b,18.20%,0.57,2.60%,1.90%,1.0,4.10%,11.50%,5.60%,4.73M,574.06M,8.48%,2.00%,-2.47%,71.70%,0.09%,590.50M,10.3,22.32%,-0.10%,16.23%,-5.70%,-0.10%,-3.79%,1.7,0.75,2.69%,2.83%,-9.63%,50.34%,1.76,0.94,0.86%,45.44,-2.83%,17.11%,0.70%,-1.22%
COP,-1.76%,February3,1,Basic Materials,66.81B,-0.2867740586121467,-0.05970473858542391,0.008624781634716779,0.05840633069619796,0.010844242438815854,2-Buy ,BUY,,D,ConocoPhillips Company,Independent Oil & Gas,USA,8.09,59.32,"1,648,773",Tomorrow Before Market EPS,-4.39%,-2.03%,-3.80%,480.10%,16.68,1.87,8.25,17.33,1.97,,-7.80%,2.6,0.42,2.83%,Feb 04/b,46.00%,0.42,29.00%,24.60%,2.4,11.80%,25.10%,12.60%,5.99M,1.10B,1.11%,0.11%,-2.09%,74.00%,-0.38%,1.12B,2.03,1.07%,-8.61%,7.98%,-5.09%,-8.61%,-12.20%,1.9,0.76,1.76%,1.96%,-16.73%,17.95%,1.22,1.07,-0.03%,28.82,-7.34%,-0.39%,-5.77%,-0.47%
CRVL,-3.14%,February3,1,Financial,1.71B,0.15139387820090633,1.4374593125207215e-05,-0.002033988957919064,-0.0014336247813844238,-0.00020792326332801686,,,,B,CorVel Corporation,Insurance Brokers,USA,36.05,91.41,"17,248",Tomorrow Before Market EPS,,,8.60%,41.80%,,8.42,17.47,34.07,2.88,,4.50%,1.6,0.0,,Feb 04/b,21.50%,0.0,10.70%,8.10%,1.6,13.00%,24.50%,23.70%,66.68K,9.36M,2.69%,11.80%,-5.06%,50.40%,0.77%,18.68M,3.77,7.74%,4.82%,13.61%,-1.34%,4.82%,46.58%,,0.7,2.05%,2.33%,-5.67%,49.15%,1.9,0.64,0.60%,48.9,-2.34%,11.19%,4.68%,-1.24%
CSWI,-3.73%,February3,1,Industrial Goods,1.20B,0.04088829468998613,0.0003803200873205372,0.0021987370503969337,0.0020113155281554405,-0.045875653090413165,,,,B,"CSW Industrials, Inc.",Diversified Machinery,USA,26.03,77.12,"7,455",Tomorrow Before Market EPS,12.00%,6.75%,13.60%,39.90%,22.32,3.98,50.59,20.49,3.22,2.17,8.60%,2.9,0.04,0.71%,Feb 04/b,46.10%,0.04,19.60%,11.50%,1.9,12.10%,15.80%,15.40%,56.45K,14.79M,0.61%,1.10%,-16.76%,80.20%,-1.68%,15.80M,1.61,9.37%,-1.45%,9.43%,-4.49%,-1.45%,46.91%,,0.35,1.93%,2.69%,-4.86%,50.54%,1.56,1.19,0.70%,46.53,-1.96%,10.98%,0.51%,0.93%
CTS,4.04%,February3,1,Technology,993.90M,0.04524272058188217,0.016724696497476543,0.0013613095752589288,0.05919265377706325,0.030634365564103726,3-Hold ,HOLD,,C,CTS Corporation,Diversified Electronics,USA,22.7,29.63,"19,049",Tomorrow Before Market EPS,11.00%,14.24%,87.50%,41.70%,17.9,2.42,9.81,35.5,2.1,2.06,2.80%,2.4,0.29,0.55%,Feb 04/b,34.10%,0.29,12.30%,9.20%,2.0,7.40%,11.20%,11.50%,119.98K,31.94M,2.15%,0.90%,0.00%,95.20%,-0.04%,33.91M,5.72,-8.21%,-2.33%,6.08%,-3.46%,-2.33%,3.31%,2.7,0.43,1.84%,2.29%,-13.85%,12.23%,0.6,1.25,0.55%,47.61,-2.43%,1.05%,1.73%,0.24%
EMR,1.40%,February3,1,Industrial Goods,44.97B,0.059473364690347814,0.09081190354715676,0.10442033543858996,0.06193904192781095,0.02218617160144996,2-Buy ,BUY,,D,Emerson Electric Co.,Industrial Electrical Equipment,USA,20.13,72.67,"1,188,212",Tomorrow Before Market EPS,5.32%,10.57%,3.50%,17.20%,17.83,5.33,30.1,37.38,2.45,3.78,0.70%,1.2,0.69,2.79%,Feb 04/b,42.50%,0.52,16.50%,12.60%,0.9,11.10%,27.30%,17.90%,2.80M,599.41M,1.03%,0.50%,-2.00%,73.40%,-0.25%,627.86M,2.2,14.13%,-6.07%,0.84%,-6.61%,-6.07%,9.41%,2.4,1.15,1.52%,2.10%,-7.35%,29.72%,1.29,1.36,0.66%,37.33,-4.80%,6.76%,-3.94%,0.72%
ENTG,5.85%,February3,1,Technology,7.19B,-0.008321055241010202,0.00024062710326688838,0.008988540065426301,-0.02329521152682901,0.06871726787082275,2-Buy ,BUY,,B,"Entegris, Inc.",Semiconductor Equipment & Materials,USA,25.52,52.06,"394,264",Tomorrow Before Market EPS,12.38%,21.46%,26.00%,60.10%,22.03,6.24,25.44,39.07,4.59,2.06,17.50%,4.1,0.84,0.62%,Feb 04/b,44.30%,0.83,22.10%,17.80%,2.8,11.70%,26.30%,14.20%,773.37K,133.92M,4.57%,0.30%,-8.51%,,0.97%,138.97M,7.91,22.22%,3.33%,5.59%,-7.46%,3.33%,56.61%,2.2,1.37,2.27%,2.37%,-10.81%,59.34%,1.26,1.31,0.06%,46.97,-3.11%,17.78%,2.54%,0.48%
ETN,4.66%,February3,1,Industrial Goods,40.20B,0.13387094330391847,0.0006673974300307843,0.01929338549204355,0.025206071806678658,0.010775772301132476,3-Hold ,BUY,,B,Eaton Corporation plc,Diversified Machinery,Ireland,16.79,95.45,"605,809",Tomorrow Before Market EPS,6.54%,0.40%,4.70%,-24.90%,16.47,2.48,48.43,25.98,1.86,2.57,-0.40%,1.7,0.51,3.01%,Feb 04/b,33.10%,0.51,14.00%,11.10%,1.1,7.50%,14.80%,10.20%,2.38M,412.48M,2.02%,0.20%,-18.59%,82.30%,-0.58%,425.48M,3.5,18.13%,-0.26%,7.05%,-2.45%,-0.26%,23.90%,2.3,0.69,1.58%,2.04%,-4.45%,28.38%,1.78,1.41,0.62%,51.18,-0.13%,12.37%,1.38%,0.33%
EXP,-5.19%,February3,1,Industrial Goods,3.83B,0.10312370477757732,-0.05101345340699481,0.01904926169663668,0.022739777486484463,0.019130894059248692,3-Hold ,BUY,,B,Eagle Materials Inc.,Cement,USA,85.05,92.8,"72,361",Tomorrow Before Market EPS,8.00%,15.56%,-10.00%,-63.40%,14.77,3.75,71.39,18.57,2.73,10.63,9.20%,2.5,0.96,0.44%,Feb 04/b,22.60%,0.92,3.70%,3.10%,1.3,1.90%,3.70%,3.60%,315.68K,41.14M,4.68%,0.60%,-27.70%,99.70%,1.34%,42.05M,6.1,12.14%,0.56%,-0.50%,-1.16%,0.56%,28.41%,2.3,0.64,1.68%,2.32%,-4.42%,33.38%,1.68,1.25,0.45%,54.44,1.17%,4.19%,1.59%,1.34%
GRA,-3.76%,February3,1,Basic Materials,4.58B,0.09033523652241067,0.003253636354981739,0.004973777092345699,0.0040520866015867785,0.005529811488734346,3-Hold ,BUY,,D,W. R. Grace & Co.,Specialty Chemicals,USA,23.89,67.04,"200,221",Tomorrow Before Market EPS,9.31%,11.45%,-7.50%,-1.10%,13.95,10.08,,42.25,2.32,2.57,-8.80%,1.5,4.45,1.60%,Feb 04/b,39.80%,4.4,15.60%,11.30%,1.0,6.10%,59.40%,6.50%,338.38K,66.10M,1.40%,0.20%,383.12%,88.10%,0.78%,68.06M,2.74,-0.87%,-3.56%,1.11%,-2.84%,-3.56%,-5.14%,1.8,1.62,1.52%,1.55%,-16.01%,6.43%,1.13,0.92,0.50%,37.4,-3.61%,-4.49%,-2.23%,-1.11%
HAE,9.17%,February3,1,Healthcare,5.54B,0.2179140405330275,0.00012652014122847634,-0.03565706482550013,0.014464522151097803,0.014883252305371568,3-Hold ,BUY,,C,Haemonetics Corporation,Medical Instruments & Supplies,USA,82.67,110.58,"78,589",Tomorrow Before Market EPS,12.00%,19.59%,9.10%,-24.20%,28.23,9.35,49.48,109.51,5.61,6.89,0.60%,2.4,0.64,,Feb 04/b,49.30%,0.54,9.00%,6.90%,1.3,5.50%,11.00%,6.40%,359.91K,50.24M,2.52%,0.80%,-28.97%,99.30%,0.40%,51.60M,3.52,-12.37%,-6.54%,-12.67%,-0.06%,-6.54%,8.57%,1.9,0.61,2.39%,2.27%,-21.20%,37.85%,2.59,0.76,0.46%,43.65,-2.08%,-5.38%,-4.81%,2.53%
HLNE,-1.17%,February3,1,Financial,3.40B,0.02633824852819089,,0.008956466477381278,0.004387168090813377,0.017243721882420817,3-Hold ,HOLD,,B,Hamilton Lane Incorporated,Asset Management,USA,43.21,65.65,"88,230",Tomorrow Before Market EPS,15.00%,17.25%,-15.80%,-29.70%,28.7,12.94,47.23,43.37,12.96,2.88,12.50%,,0.51,1.69%,Feb 04/b,,0.51,42.40%,15.30%,,10.30%,34.50%,40.70%,125.12K,22.41M,3.54%,5.70%,-0.33%,91.60%,-0.08%,52.28M,6.34,11.98%,8.98%,8.25%,-3.59%,8.98%,79.07%,3.0,1.88,2.37%,2.21%,-5.78%,81.02%,1.54,,0.91%,59.7,1.35%,14.89%,7.60%,0.18%
HUBB,-0.87%,February3,1,Technology,8.05B,0.1030297752752501,0.2903959962215075,0.1000416616216171,0.057241648534597636,0.05036620110729473,3-Hold ,BUY,,B,Hubbell Incorporated,Diversified Electronics,USA,20.39,146.08,"100,559",Tomorrow Before Market EPS,9.30%,6.35%,3.30%,18.50%,16.7,4.09,25.86,28.54,1.74,2.19,7.10%,2.1,0.92,2.54%,Feb 04/b,29.60%,0.9,12.90%,8.30%,1.3,7.70%,21.00%,12.50%,222.31K,54.09M,1.60%,0.20%,-8.11%,87.00%,0.46%,56.20M,3.89,12.18%,-3.11%,-0.28%,-2.52%,-3.11%,31.01%,2.3,1.25,1.58%,1.92%,-2.58%,34.87%,2.36,1.54,0.65%,47.8,-0.68%,9.18%,-0.81%,1.29%
IESC,-1.07%,February3,1,Industrial Goods,538.97M,0.15060273105180905,0.017482472335749268,0.0030817528337744684,-0.16031888817633444,-0.06325048757007608,,,,A,"IES Holdings, Inc.",General Contractors,USA,16.0,25.09,"7,192",Tomorrow Before Market EPS,,,39.10%,92.20%,,2.12,28.52,16.63,0.5,,16.00%,1.5,0.0,,Feb 04/b,16.90%,0.0,3.90%,3.10%,1.4,7.70%,14.20%,14.30%,22.21K,20.33M,0.52%,4.10%,0.22%,80.70%,0.02%,21.55M,4.74,40.82%,-2.53%,23.57%,-5.23%,-2.53%,49.40%,,0.86,2.44%,3.98%,-9.68%,55.74%,0.66,0.58,-0.32%,46.5,-3.60%,23.20%,2.14%,0.64%
IT,-4.36%,February3,1,Technology,14.60B,0.08336771989706904,0.3123925683633258,0.011368104568418858,-0.017481751916955758,-0.010144243901322623,4-Sell ,BUY,,C,"Gartner, Inc.",Information Technology Services,USA,60.28,164.02,"151,966",Tomorrow Before Market EPS,8.05%,13.15%,-8.00%,302.60%,40.08,15.7,47.62,39.49,3.54,7.49,17.40%,0.7,2.37,,Feb 04/b,63.50%,2.23,8.90%,6.00%,0.7,3.80%,27.80%,7.70%,456.67K,86.61M,2.29%,2.60%,-2.91%,99.40%,0.09%,90.83M,4.34,17.01%,4.33%,9.62%,0.13%,4.33%,18.32%,2.3,0.9,1.68%,1.85%,-4.51%,31.46%,2.61,1.22,0.80%,61.75,2.43%,7.88%,3.74%,1.21%
J,1.53%,February3,1,Services,12.55B,0.3265747667667581,0.0017883030569854391,0.03178105355164007,0.024227731554324585,0.03419525616053371,3-Hold ,BUY,,B,Jacobs Engineering Group Inc.,Technical Services,USA,39.09,93.36,"279,089",Tomorrow Before Market EPS,13.26%,17.18%,-1.10%,26.30%,14.22,2.18,19.89,,0.99,2.95,0.10%,1.3,0.25,0.82%,Feb 04/b,19.40%,0.21,3.20%,6.60%,1.3,6.90%,14.70%,5.70%,1.02M,131.97M,2.11%,0.70%,0.00%,93.00%,0.17%,135.67M,2.72,14.84%,3.01%,-2.44%,-4.61%,3.01%,42.79%,1.8,0.74,1.71%,1.56%,-5.08%,45.22%,1.55,1.25,0.19%,51.92,-0.01%,7.37%,2.18%,0.42%
LANC,-0.98%,February3,1,Consumer Goods,4.36B,0.0230241638283977,,0.2041099564812612,-0.044153445419215134,-0.013394257418258348,,HOLD,,C,Lancaster Colony Corporation,Food - Major Diversified,USA,28.02,155.98,"49,892",Tomorrow Before Market EPS,3.00%,5.68%,8.10%,19.40%,26.56,5.66,25.12,,3.28,9.34,4.70%,2.7,0.0,1.81%,Feb 04/b,25.40%,0.0,,,2.0,,,20.10%,108.15K,18.08M,8.71%,2.20%,-0.42%,58.50%,-0.31%,28.18M,14.56,0.69%,-3.40%,12.00%,-5.20%,-3.40%,-2.78%,2.7,1.3,2.19%,2.53%,-5.76%,16.59%,3.37,0.3,0.58%,41.63,-2.29%,3.70%,-1.91%,0.26%
LHX,1.57%,February3,1,Technology,49.68B,0.05677208698814086,0.004481917230198936,0.046815880259964616,-0.0008325151865652254,0.01095219354639994,2-Buy ,BUY,,A,"L3Harris Technologies, Inc.",Communication Equipment,USA,27.66,221.29,"367,736",Tomorrow Before Market EPS,22.55%,14.36%,9.60%,40.10%,19.34,2.16,49.63,96.47,5.13,1.23,6.30%,1.5,0.31,1.36%,Feb 04/b,30.90%,0.28,13.00%,12.00%,1.2,6.80%,14.00%,13.50%,1.35M,219.50M,1.13%,0.40%,-3.42%,84.50%,0.70%,224.47M,1.85,8.04%,11.86%,6.50%,-0.74%,11.86%,44.49%,1.7,0.74,1.72%,1.72%,-1.95%,45.11%,3.62,0.84,0.19%,67.22,1.99%,11.04%,7.46%,-0.14%
LII,-0.24%,February3,1,Industrial Goods,9.09B,0.2696844194589565,0.005096849110032053,0.031932700285324245,0.017016805471333402,0.015803607364172682,3-Hold ,HOLD,,C,Lennox International Inc.,Diversified Machinery,USA,24.65,236.49,"93,804",Tomorrow Before Market EPS,11.59%,3.28%,20.10%,12.00%,20.15,,187.49,53.24,2.41,2.13,4.00%,1.2,,1.32%,Feb 04/b,28.10%,,13.80%,9.80%,0.7,17.50%,-174.40%,45.60%,250.73K,34.78M,4.93%,1.20%,-5.37%,71.50%,0.10%,39.03M,6.83,-8.32%,-4.50%,-6.12%,-3.32%,-4.50%,1.61%,3.2,1.0,1.69%,2.35%,-20.83%,3.84%,4.24,0.86,0.39%,41.24,-2.59%,-8.03%,-4.84%,1.03%
ABB,4.44%,February4,1,Industrial Goods,50.80B,0.1657611066808126,0.06497375732838659,0.09789260897863036,0.029935648572553382,0.03519738120403417,3-Hold ,BUY,,B,ABB Ltd,Diversified Machinery,Switzerland,54.71,24.02,"1,522,682",Tomorrow Before Market EPS,14.60%,8.37%,-11.20%,6.80%,23.32,3.75,15.56,33.47,1.79,3.75,-7.90%,1.4,0.73,3.40%,Feb 05/b,31.40%,0.59,5.50%,5.10%,1.1,3.20%,10.50%,7.50%,1.78M,2.17B,0.24%,,,4.70%,0.06%,2.19B,2.98,24.80%,-4.60%,10.77%,0.04%,-3.49%,20.84%,2.3,2.31,0.97%,1.30%,-1.76%,35.63%,0.29,1.17,2.41%,58.7,0.89%,17.52%,2.84%,0.88%
AFL,1.63%,February4,1,Financial,39.26B,0.20668800845149754,0.0016623653092600374,0.0074741051539604095,0.03466584513052322,0.04380027760817029,3-Hold ,HOLD,,C,Aflac Incorporated,Accident & Health Insurance,USA,12.81,52.69,"921,825",Today After Market EPS,3.53%,0.54%,2.30%,13.30%,11.7,1.31,9.31,8.11,1.79,3.63,-2.00%,,0.21,2.08%,Feb 04/a,,0.21,19.80%,13.90%,,2.10%,11.40%,10.80%,2.84M,677.42M,1.84%,0.10%,-4.67%,65.20%,-0.63%,754.94M,4.39,-0.99%,-2.51%,-2.16%,0.35%,-1.68%,8.49%,3.0,0.88,1.19%,1.61%,-7.84%,10.75%,0.7,0.67,0.94%,52.18,0.47%,-0.01%,-0.43%,0.37%
AINV,0.06%,February4,1,Financial,1.18B,0.006057543555341128,,0.023003130608049104,0.05872546400400204,0.059212222733769915,2-Buy ,HOLD,,,Apollo Investment Corporation,Asset Management,USA,19.41,17.35,"132,703",Today After Market EPS,3.00%,-6.11%,-22.10%,-14.70%,9.51,0.94,37.22,,4.48,6.47,-7.70%,,1.26,10.35%,Feb 04/a,57.70%,1.26,49.50%,23.50%,,2.40%,4.80%,5.20%,520.04K,66.24M,2.05%,0.10%,-7.38%,40.40%,0.60%,67.63M,2.61,7.48%,-1.36%,9.72%,0.23%,-0.40%,14.18%,2.7,0.72,1.09%,1.71%,-5.26%,16.15%,0.21,1.14,0.58%,47.08,-0.90%,5.92%,0.08%,-0.71%
ALL,4.00%,February4,1,Financial,39.00B,0.3235951154887776,-0.003209222704754211,-0.04818376429320779,-0.02017516133355457,-0.034455756563127375,3-Hold ,BUY,,A,The Allstate Corporation,Property & Casualty Insurance,USA,15.0,120.33,"493,421",Today After Market EPS,10.60%,-1.98%,4.10%,-15.80%,11.55,1.69,66.44,9.22,0.91,1.42,2.80%,,0.29,1.68%,Feb 04/a,,0.29,8.20%,6.20%,,2.30%,12.30%,8.60%,1.58M,322.91M,1.35%,0.10%,-52.44%,79.50%,-0.57%,327.62M,2.76,13.91%,5.52%,11.87%,2.12%,5.87%,34.04%,2.4,0.84,1.21%,1.33%,0.20%,36.35%,1.45,0.83,0.93%,70.21,3.61%,13.95%,6.49%,0.15%
AME,0.48%,February4,1,Industrial Goods,22.84B,-0.04403644614961065,0.0021794937303119305,0.02107265195425296,0.06734524151206163,0.04301371790223549,3-Hold ,BUY,,B,"AMETEK, Inc.",Diversified Machinery,USA,26.71,99.82,"331,595",Tomorrow Before Market EPS,8.20%,4.64%,9.40%,29.40%,22.55,4.58,31.06,27.03,4.46,3.26,6.20%,2.0,0.5,0.57%,Feb 05/b,34.70%,0.46,22.70%,16.60%,1.5,9.50%,18.70%,12.40%,1.01M,227.56M,0.87%,0.30%,-18.82%,89.00%,0.10%,233.72M,1.97,12.97%,-3.06%,6.62%,-0.06%,-2.03%,33.12%,2.1,0.9,1.51%,1.73%,-2.45%,37.15%,1.56,1.19,1.56%,51.92,-0.39%,9.58%,0.35%,0.56%
APAM,1.01%,February4,1,Financial,2.67B,-0.025358309701134986,0.0003989235771898946,0.025330095979774744,0.05898340857021884,0.04274051972190592,1-Strong Buy ,HOLD,,B,Artisan Partners Asset Management Inc.,Asset Management,USA,13.81,34.47,"62,736",Today After Market EPS,1.30%,13.62%,27.70%,32.80%,11.17,14.57,15.4,23.51,3.41,10.63,3.50%,,1.68,7.73%,Feb 04/a,,1.68,33.50%,15.30%,,13.30%,106.80%,77.00%,372.75K,53.34M,2.59%,0.10%,0.00%,90.50%,0.65%,79.29M,3.71,19.37%,3.51%,23.03%,1.17%,4.12%,48.85%,2.9,0.47,1.88%,2.09%,-2.73%,56.51%,0.66,1.9,1.49%,64.41,2.01%,20.98%,7.73%,1.05%
BMI,1.13%,February4,1,Technology,1.77B,-0.06674101777441267,0.0005534001102205366,0.003517462315357989,-0.11986195427198255,-0.012395070233247277,3-Hold ,HOLD,,C,"Badger Meter, Inc.",Scientific & Technical Instruments,USA,37.68,60.76,"87,502",Tomorrow Before Market EPS,14.90%,7.39%,2.20%,-21.60%,34.16,5.34,47.0,31.31,4.2,2.53,5.40%,3.3,0.01,1.14%,Feb 05/b,38.60%,0.0,14.30%,10.90%,1.8,11.40%,14.70%,9.00%,186.51K,28.75M,9.47%,0.30%,0.00%,94.30%,0.15%,29.76M,14.6,10.85%,-6.79%,3.01%,-2.09%,-8.30%,12.34%,3.2,1.28,1.76%,2.08%,-8.75%,22.45%,1.22,0.83,1.48%,43.01,-2.65%,6.86%,-3.09%,0.65%
BPY,-0.69%,February4,1,Financial,8.32B,0.09236449179609606,,0.005847920282879689,0.010144447879611107,0.007936334169740307,,BUY,,C,Brookfield Property Partners L.P.,Real Estate Development,Bermuda,13.33,18.78,"692,182",Tomorrow Before Market EPS,,22.92%,7.20%,368.80%,10.52,0.74,3.88,4.86,1.01,,11.00%,0.3,4.42,7.09%,Feb 05/b,67.90%,3.86,9.30%,7.40%,0.3,0.50%,4.90%,0.30%,1.13M,436.14M,1.35%,0.82%,0.00%,65.70%,-0.52%,446.69M,5.21,-2.31%,3.10%,-1.22%,-1.64%,1.86%,2.31%,2.6,1.65,1.59%,1.51%,-11.36%,4.62%,0.31,0.96,0.70%,49.33,-0.42%,-2.17%,0.52%,0.32%
BSX,0.92%,February4,1,Healthcare,61.03B,-0.3454562507800541,-0.16542191772095974,0.014169002052117971,-0.015383986492711953,0.003072214363427243,3-Hold ,STRONG BUY,,C,Boston Scientific Corporation,Medical Appliances & Equipment,USA,57.61,43.1,"3,549,009",Tomorrow Before Market EPS,11.20%,13.91%,71.20%,65.20%,23.66,6.07,220.31,78.14,5.87,5.14,6.60%,1.1,1.12,,Feb 05/b,70.70%,0.99,15.70%,10.50%,0.8,4.50%,11.80%,10.70%,6.66M,1.39B,0.83%,0.30%,-7.76%,95.70%,0.37%,1.45B,1.74,-1.22%,-6.84%,1.27%,-0.98%,-6.61%,11.34%,1.5,1.45,1.73%,2.06%,-7.55%,25.49%,0.84,0.85,1.42%,46.59,-1.87%,3.98%,-2.08%,0.63%
BTU,22.67%,February4,1,Basic Materials,678.73M,0.20691322348596128,0.17293660638824804,-0.13805769001269905,-0.0841854642715459,-0.08058519799521946,3-Hold ,BUY,,F,Peabody Energy Corporation,Industrial Metals & Minerals,USA,2.53,7.05,"498,013",Tomorrow Before Market EPS,,-1092.90%,17.70%,-43.50%,,0.24,0.89,3.01,0.14,,-4.50%,1.7,0.46,8.54%,Feb 05/b,23.80%,0.45,7.20%,6.70%,1.4,4.60%,10.30%,13.90%,1.81M,95.62M,10.20%,1.90%,64.53%,3.68%,1.71%,99.96M,5.38,-63.14%,-32.03%,-35.52%,-8.98%,-25.55%,-79.80%,2.5,0.78,6.66%,6.86%,-79.87%,9.61%,0.53,,2.36%,33.56,-13.23%,-59.10%,-21.13%,1.73%
CG,-0.90%,February4,1,Financial,11.24B,0.12284756234813747,0.0011597345437621698,-0.028899837284673893,-0.0452639829107521,-0.008562693627668448,3-Hold ,BUY,,A,The Carlyle Group Inc.,Asset Management,USA,11.47,33.33,"730,015",Tomorrow Before Market EPS,15.80%,40.73%,-16.70%,-76.60%,13.77,4.17,6.96,38.37,3.66,0.73,-11.40%,,6.98,4.22%,Feb 05/b,77.40%,6.93,39.40%,11.00%,,2.60%,44.70%,4.60%,1.58M,342.51M,1.50%,26.49%,-1.08%,49.20%,-0.57%,349.04M,3.26,40.31%,0.56%,18.04%,-2.16%,0.37%,66.15%,2.3,1.36,2.47%,3.15%,-4.66%,92.44%,0.87,1.75,1.06%,58.94,2.33%,30.57%,7.13%,2.49%
CPLP,2.47%,February4,1,Services,230.19M,0.060406454996804575,0.0008749838467944452,0.02465017938872431,0.03264013219923072,0.02183003365146009,1-Strong Buy ,STRONG BUY,,B,Capital Product Partners L.P.,Shipping,Greece,21.68,12.32,"18,784",Tomorrow Before Market EPS,15.66%,199.05%,-16.10%,-140.00%,5.59,0.55,3.92,11.57,1.48,1.38,10.20%,1.2,0.66,11.39%,Feb 05/b,90.30%,0.58,32.50%,-87.80%,1.2,-15.50%,-26.00%,2.00%,107.71K,13.65M,0.49%,35.60%,0.00%,22.80%,-3.04%,18.73M,0.62,10.32%,-8.96%,6.18%,-4.58%,-8.56%,37.91%,1.3,0.51,2.61%,2.84%,-13.09%,46.91%,0.37,1.33,0.41%,38.99,-6.60%,9.12%,-2.41%,0.01%
CPRI,10.31%,February4,1,Consumer Goods,4.74B,0.0789933253961083,0.0011480553985165898,0.015199592382850825,-0.030456170094718495,-0.07632467535847051,4-Sell ,BUY,,F,Capri Holdings Limited,Textile - Apparel Clothing,United Kingdom,13.37,30.98,"920,459",Tomorrow Before Market EPS,4.34%,7.90%,2.20%,-9.40%,5.66,1.88,26.46,9.93,0.85,3.08,9.60%,1.1,1.0,,Feb 05/b,60.60%,0.75,8.40%,6.10%,0.5,4.60%,14.30%,13.10%,2.41M,144.00M,7.82%,0.40%,0.00%,94.10%,-0.11%,158.82M,4.67,-10.15%,-22.10%,-4.02%,-10.69%,-21.83%,-29.75%,2.5,1.04,3.23%,3.64%,-38.01%,22.77%,1.18,0.85,4.02%,30.21,-11.67%,-11.11%,-15.12%,-0.09%
DTE,0.80%,February4,1,Utilities,25.80B,-0.08584459250726338,0.24471248475310856,-0.06935086298835813,-0.03887381554413878,-0.05400319495137133,3-Hold ,BUY,,B,DTE Energy Company,Electric Utilities,USA,22.45,133.82,"213,281",Tomorrow Before Market EPS,6.00%,6.11%,10.70%,9.70%,20.21,2.28,339.54,15.92,1.94,3.74,8.00%,0.8,1.47,3.03%,Feb 05/b,,1.29,12.20%,8.20%,0.6,3.00%,10.40%,6.20%,1.14M,191.12M,2.37%,0.20%,-4.92%,72.40%,-0.07%,192.89M,3.98,3.98%,3.95%,5.07%,1.13%,3.01%,13.99%,2.4,0.51,1.04%,1.03%,-0.57%,18.69%,1.41,0.24,-0.11%,65.93,1.80%,4.43%,4.24%,0.24%
ENR,3.46%,February4,1,Consumer Goods,3.44B,0.2372417111099432,0.003099790547171973,0.000759351078158943,-0.009242961502293059,0.0551218321167523,3-Hold ,BUY,,C,"Energizer Holdings, Inc.",Personal Products,USA,57.62,49.94,"163,558",Tomorrow Before Market EPS,7.50%,16.58%,-21.00%,-64.00%,13.45,6.14,13.3,301.62,1.38,7.68,6.30%,1.9,6.43,2.48%,Feb 05/b,42.60%,6.37,2.90%,1.60%,1.5,0.70%,8.50%,1.60%,850.59K,59.22M,19.71%,1.10%,6.19%,,0.94%,71.13M,13.72,18.98%,-0.43%,13.77%,0.79%,-3.74%,1.43%,2.1,0.54,2.92%,3.43%,-5.45%,54.09%,1.38,0.67,1.18%,56.8,3.72%,14.55%,1.30%,2.51%
FSV,3.46%,February4,1,Financial,4.13B,-0.3116395176311926,,0.004930519468871353,0.0409180189529122,0.02369152071668605,4-Sell ,HOLD,,B,FirstService Corporation,Property Management,Canada,,100.86,"23,046",Tomorrow Before Market EPS,15.00%,14.90%,,24.10%,43.11,17.01,,,1.85,,,,,0.60%,Feb 05/b,,,,,,,,,112.48K,33.19M,0.19%,19.81%,0.00%,61.56%,,41.50M,0.55,-5.41%,6.74%,14.05%,-0.47%,7.03%,21.87%,3.0,0.55,1.45%,1.55%,-9.17%,23.91%,1.55,,0.94%,63.21,2.42%,4.81%,5.86%,0.38%
GM,0.25%,February4,1,Consumer Goods,48.09B,0.07994787953794003,,0.006067446032935803,0.004835589170461389,0.004835589170461389,3-Hold ,BUY,,F,General Motors Company,Auto Manufacturers - Major,USA,5.62,34.72,"5,028,052",Tomorrow Before Market EPS,-2.71%,31.23%,18.00%,4.40%,5.36,1.08,1.8,5.88,0.33,,-1.10%,1.0,2.34,4.51%,Feb 05/b,10.70%,1.56,4.70%,6.10%,0.8,3.80%,21.10%,2.60%,9.37M,1.33B,1.51%,7.18%,-0.37%,78.80%,-0.14%,1.43B,2.14,-15.23%,-9.79%,-9.26%,0.93%,-7.87%,-13.05%,2.0,1.53,1.93%,1.57%,-17.17%,5.26%,0.67,1.37,1.87%,49.7,0.31%,-6.30%,-2.19%,1.03%
GPI,-2.73%,February4,1,Services,1.95B,0.8368295471383524,0.07921159781264057,0.007792433118993358,0.054237249147465465,0.037615844634103716,2-Buy ,BUY,,B,"Group 1 Automotive, Inc.",Auto Dealerships,USA,12.15,102.53,"37,489",Tomorrow Before Market EPS,-3.00%,3.75%,12.50%,19.90%,9.24,1.54,47.66,8.21,0.17,,5.40%,1.0,2.52,1.14%,Feb 05/b,15.10%,1.1,3.00%,1.30%,0.2,3.00%,13.90%,7.10%,172.66K,17.52M,12.47%,2.70%,-20.62%,,0.02%,19.20M,12.65,24.21%,1.15%,2.35%,-2.13%,1.78%,67.10%,2.0,0.59,2.30%,2.28%,-6.92%,83.12%,2.4,1.72,1.62%,52.63,1.31%,16.20%,0.30%,-0.90%
HUM,5.24%,February4,1,Healthcare,45.03B,0.20623101506914407,0.017402094467667797,0.07084981677962787,0.05368748368342343,0.05483012649716329,3-Hold ,BUY,,C,Humana Inc.,Health Care Plans,USA,17.7,342.56,"706,981",Tomorrow Before Market EPS,14.34%,4.83%,10.00%,-29.80%,17.88,3.83,8.15,12.97,0.72,1.23,6.60%,,0.55,0.66%,Feb 05/b,,0.46,5.30%,4.10%,,9.10%,22.90%,12.00%,1.01M,132.13M,1.65%,0.20%,-23.50%,97.10%,-0.03%,135.18M,2.17,13.32%,-8.30%,13.22%,-3.98%,-9.12%,8.75%,2.0,1.9,2.32%,2.72%,-9.02%,51.76%,8.22,0.92,1.21%,41.06,-4.45%,16.63%,-3.66%,1.58%
IEC,9.89%,February4,1,Technology,87.81M,0.4462785512519726,0.0002719587209867313,0.0012005785001747429,0.0008637607334094356,-0.03607401959880008,,STRONG BUY,,C,IEC Electronics Corp.,Printed Circuit Boards,USA,18.57,8.19,"14,370",Tomorrow Before Market EPS,,42.66%,18.10%,-49.80%,8.14,2.75,,,0.56,,5.40%,2.0,1.2,,Feb 05/b,13.80%,1.14,4.80%,3.00%,0.9,4.50%,16.30%,9.30%,48.14K,9.22M,0.00%,0.20%,0.00%,30.20%,1.17%,10.58M,0.0,39.03%,-11.61%,25.19%,-6.95%,-8.69%,15.12%,1.5,0.79,4.16%,7.99%,-14.42%,63.80%,0.4,0.69,-1.20%,34.24,-9.54%,15.15%,-7.16%,-0.12%
KFRC,-5.24%,February4,1,Services,865.54M,0.28907332162998495,,0.01207953757557334,0.008337209967370049,0.005753732945322554,3-Hold ,,,C,Kforce Inc.,Staffing & Outsourcing Services,USA,16.1,37.35,"21,636",Tomorrow Before Market EPS,30.17%,15.76%,70.90%,51.90%,13.51,4.5,20.96,19.9,0.63,0.53,5.70%,2.9,0.35,1.94%,Feb 05/b,29.50%,0.35,5.70%,9.70%,2.9,32.40%,71.00%,25.90%,125.33K,19.13M,2.87%,5.80%,-10.27%,87.10%,0.53%,23.33M,4.38,8.29%,-6.55%,-9.31%,-3.54%,-6.55%,12.53%,,0.46,1.68%,1.96%,-12.42%,18.56%,0.71,1.19,0.97%,29.57,-4.04%,1.15%,-5.57%,-0.31%
